"year","ntrees","gc_m","gc_m_sd","gc_m_se","gc_md","gc_md_sd","gc_md_se","site","site_sorted"
1846,1,-48.8965179009318,NA,NA,-53.2094594594595,NA,NA,"gc_caL","2_caL"
1847,1,-59.1894774262353,NA,NA,-55.6529360210342,NA,NA,"gc_caL","2_caL"
1848,1,-62.5864324425341,NA,NA,-56.5454545454545,NA,NA,"gc_caL","2_caL"
1849,1,-61.6438356164384,NA,NA,-56.5454545454545,NA,NA,"gc_caL","2_caL"
1850,1,-59.2410538733779,NA,NA,-57.2159672466735,NA,NA,"gc_caL","2_caL"
1851,1,-45.0423216444982,NA,NA,-56.25,NA,NA,"gc_caL","2_caL"
1852,1,-45.1032508689429,NA,NA,-54.3981481481481,NA,NA,"gc_caL","2_caL"
1853,1,-43.5832808233564,NA,NA,-45.7175925925926,NA,NA,"gc_caL","2_caL"
1854,1,-57.5319753671246,NA,NA,-51.5042117930205,NA,NA,"gc_caL","2_caL"
1855,1,-64.4593895499224,NA,NA,-50.1840490797546,NA,NA,"gc_caL","2_caL"
1856,1,-62.9896083133493,NA,NA,-51.7948717948718,NA,NA,"gc_caL","2_caL"
1857,1,-49.6674647512636,NA,NA,-46.2820512820513,NA,NA,"gc_caL","2_caL"
1858,1,-41.1873350923483,NA,NA,-35.6350184956843,NA,NA,"gc_caL","2_caL"
1859,1,-37.4836515825268,NA,NA,-35.6350184956843,NA,NA,"gc_caL","2_caL"
1860,1,-32.9673202614379,NA,NA,-20.1722017220172,NA,NA,"gc_caL","2_caL"
1861,3,-48.3424405563117,14.4336787992947,8.33328834016941,-41.2949021877043,26.2558687961673,15.1588329172747,"gc_caL","2_caL"
1862,3,-55.2028871803609,20.8573236200839,12.0419814066306,-42.9610630588958,27.2327798835981,15.7228527965772,"gc_caL","2_caL"
1863,3,-52.9488001640395,21.3015386167503,12.298449054534,-40.2081205483537,25.4310139172208,14.6826027308725,"gc_caL","2_caL"
1864,3,-39.7158111471196,25.6646003140274,14.8174638999479,-34.7422040134361,24.1824322242274,13.9617337543176,"gc_caL","2_caL"
1865,3,-27.3475301554014,25.3099571718363,14.6127105863376,-28.5915154838704,23.5293208632429,13.5846597342424,"gc_caL","2_caL"
1866,3,-18.390079605309,22.7040118653103,13.1081673621214,-21.0840487711407,27.0763557223442,15.6325412649695,"gc_caL","2_caL"
1867,3,-15.7941104426105,23.0594013975596,13.3133516042326,-19.6397763549357,29.762232030526,17.1832326745083,"gc_caL","2_caL"
1868,3,-14.9539061555413,21.9553471691779,12.6759255982766,-20.6850654840354,33.8195437039815,19.525722661364,"gc_caL","2_caL"
1869,3,-19.3772499395832,22.5088604478276,12.995496638705,-24.8609049538902,31.5249436057016,18.2009346769396,"gc_caL","2_caL"
1870,5,-23.2863632163824,19.0195608624046,8.50580619810624,-23.7938689298625,29.8334403864291,13.3419201413486,"gc_caL","2_caL"
1871,5,-23.2433195269241,23.8010309855872,10.6441446436704,-19.5725829246901,31.077984405694,13.898497146962,"gc_caL","2_caL"
1872,6,-28.1810595711254,23.0371021904607,9.40485758649688,-26.2328773053032,30.2022923131049,12.330034204915,"gc_caL","2_caL"
1873,7,-32.2321209110807,24.9850319576189,9.44345443698013,-36.9345422338189,26.4685626652081,10.0041763390671,"gc_caL","2_caL"
1874,8,-32.5499792018502,23.1064639752785,8.16936868308104,-49.3354107395846,62.0878682425571,21.9513763318645,"gc_caL","2_caL"
1875,8,-35.1442397675238,24.7631087500591,8.75508106021335,-52.0266270479072,63.2917763846724,22.3770221374722,"gc_caL","2_caL"
1876,9,-48.4314640093745,29.4398438943441,9.81328129811469,-59.6808683055168,64.8276905226346,21.6092301742115,"gc_caL","2_caL"
1877,11,-63.243985761382,37.8803894374776,11.4213671524232,-62.7112739026771,55.8852706377783,16.8500430920887,"gc_caL","2_caL"
1878,12,-68.6540870122716,52.6064500209364,15.1861740403491,-71.2882912981503,65.0181036565008,18.7691098241399,"gc_caL","2_caL"
1879,12,-63.9839264523489,50.1588936093342,14.4796253638015,-80.3331473696819,93.5275245846215,26.9990707477853,"gc_caL","2_caL"
1880,12,-63.6336790909848,54.6092379198447,15.7643291066313,-76.1043259318814,88.3612326754156,25.5076907355392,"gc_caL","2_caL"
1881,12,-66.9052694823481,60.736259356552,17.5330478445381,-76.9927904376182,86.1615731041868,24.8727037127519,"gc_caL","2_caL"
1882,12,-64.5637283179797,64.1257595102846,18.511512257626,-74.4382286150466,85.7792946230675,24.7623494207621,"gc_caL","2_caL"
1883,12,-63.1908891762553,67.7608044491808,19.5608593446201,-58.5696655674782,69.7322219291249,20.1299585509855,"gc_caL","2_caL"
1884,12,-58.3927084929984,56.1040113095708,16.1958330160992,-43.4342460996872,49.5301076279491,14.2981104859938,"gc_caL","2_caL"
1885,12,-52.5352424662771,44.0774225216042,12.7240558790165,-42.1580863538677,42.7292409730937,12.334869389042,"gc_caL","2_caL"
1886,13,-37.9423515900479,31.7645539351247,8.80990215041029,-33.0221170751607,32.5798668590673,9.03602926985823,"gc_caL","2_caL"
1887,14,-19.5294331058826,32.1718598903263,8.59829122892113,-14.9984935897221,53.3828098253472,14.2671560506971,"gc_caL","2_caL"
1888,14,-9.23834416631155,39.0995228672989,10.4497870396975,-7.01344258952967,51.4222876154842,13.7431844500922,"gc_caL","2_caL"
1889,14,-1.86916704347074,44.5785453336778,11.914117388528,-1.06710289453129,53.9565338436228,14.4204902443364,"gc_caL","2_caL"
1890,14,-1.01373600544933,44.134368473071,11.7954061291335,-4.45112221091079,43.8621059109502,11.7226408986548,"gc_caL","2_caL"
1891,14,2.24609316704977,43.2319528676171,11.5542254136987,-4.3803073512563,38.9097011049766,10.3990550397573,"gc_caL","2_caL"
1892,14,4.19654417084632,44.2540568779,11.8273942008506,-0.534293112093075,42.5780499458147,11.3794625067277,"gc_caL","2_caL"
1893,14,9.76269476876367,43.8193649894631,11.7112179068977,6.71098444188114,44.4709188257731,11.8853529943627,"gc_caL","2_caL"
1894,14,16.438726730114,38.9862862571593,10.4195232826417,12.6285170658842,35.6664908214322,9.53227063159405,"gc_caL","2_caL"
1895,14,20.8986003710807,33.2363755846791,8.8827950154291,16.6703518399393,32.6851092163751,8.73546288121165,"gc_caL","2_caL"
1896,14,17.7532963949879,29.0946691699836,7.77587741540095,15.8035696571096,29.4499684174832,7.87083513353824,"gc_caL","2_caL"
1897,14,18.2982505203972,27.6052171408085,7.37780461631461,17.8151265614025,31.1604487819493,8.32798024001226,"gc_caL","2_caL"
1898,14,21.5640388059684,27.8426766218503,7.44126833212173,20.1122732654897,30.9334559658535,8.2673138580773,"gc_caL","2_caL"
1899,14,13.6332552724197,34.9591609888746,9.34322878210299,14.7040599735856,30.5861917366054,8.1745035888967,"gc_caL","2_caL"
1900,14,12.9522549212548,34.9359853628397,9.33703483550682,13.1439737825387,34.4350538672257,9.20315526187597,"gc_caL","2_caL"
1901,14,8.70218578447158,35.7550743413516,9.55594557314068,8.64702314405857,37.6907225308597,10.0732693121741,"gc_caL","2_caL"
1902,14,3.95619120414935,38.2305861746889,10.2175539400873,1.90660878428374,42.5152869792696,11.3626883983427,"gc_caL","2_caL"
1903,14,-2.48576064843871,39.5142674210389,10.5606321842065,-7.50685229370766,48.0247257868313,12.8351478562922,"gc_caL","2_caL"
1904,14,-18.8807125456235,46.3921844913074,12.3988328421771,-21.6495896971634,52.415116495895,14.0085291296773,"gc_caL","2_caL"
1905,14,-24.4925197416036,44.4214377982,11.8721286334824,-28.3396962928694,50.1677516032074,13.4078955974272,"gc_caL","2_caL"
1906,14,-30.0984527910013,40.7266894703432,10.8846656068256,-35.1874074641763,47.432468886176,12.6768605414918,"gc_caL","2_caL"
1907,14,-31.0654410174899,37.9797347418545,10.1505110746125,-36.6467070615867,41.8226429688148,11.1775714999054,"gc_caL","2_caL"
1908,14,-40.4782961574068,33.3208067693701,8.90536019870576,-41.6505094320432,40.189258872583,10.7410312378264,"gc_caL","2_caL"
1909,15,-39.2784106198828,32.3807277948152,8.36066796582632,-36.0382620962869,31.0594769885742,8.01952247457737,"gc_caL","2_caL"
1910,15,-36.5832971443058,31.5058321688629,8.13477088656078,-30.6621694730209,27.8433644219163,7.1891257805644,"gc_caL","2_caL"
1911,15,-33.5013702994622,30.2216469046016,7.80319567709887,-28.1496843634758,30.7632431334565,7.94303522208044,"gc_caL","2_caL"
1912,15,-29.5205307715228,28.432324009353,7.34119449214649,-25.1242387872204,30.5527333336084,7.88868182547877,"gc_caL","2_caL"
1913,15,-26.3433855962011,29.2261045867495,7.54614775593314,-21.2934326758974,30.0522192386044,7.75944964184593,"gc_caL","2_caL"
1914,15,-20.7034554931098,27.8668569480627,7.19519152473275,-16.8626929021451,27.038547702298,6.98132299710899,"gc_caL","2_caL"
1915,15,-18.6198937046995,25.8685539907844,6.67923191978502,-15.5652458547782,25.4324394877006,6.56662763928616,"gc_caL","2_caL"
1916,15,-16.6613483799883,23.5906811271996,6.09108767542224,-14.4370513601405,23.6322642677101,6.10182439613426,"gc_caL","2_caL"
1917,15,-20.6571207008006,21.4536269552482,5.53930266089484,-16.2664850425317,20.8487534417853,5.38312499128127,"gc_caL","2_caL"
1918,15,-17.5285688759964,20.0215708373891,5.169547361208,-16.4484853837981,22.1612773730761,5.72201721310714,"gc_caL","2_caL"
1919,15,-15.3256926824912,25.0774782688154,6.47497704666671,-14.8608966177993,26.0457724792131,6.72498953673998,"gc_caL","2_caL"
1920,15,-15.2875418008344,25.8291294280801,6.669052541466,-15.3668050898529,26.7309671458632,6.90190603892973,"gc_caL","2_caL"
1921,15,-13.7871635168986,25.1163194676471,6.4850058010815,-14.2441232546516,26.6827016943715,6.88944395294141,"gc_caL","2_caL"
1922,15,-12.8330069279644,26.3326211488723,6.79905354477144,-13.8116617956329,23.3913022181197,6.03960826245882,"gc_caL","2_caL"
1923,15,-5.38944922192174,25.908718675991,6.6896023969124,-8.05707741707518,23.6271638574226,6.10050747586076,"gc_caL","2_caL"
1924,15,0.0720689522136784,25.2946610153867,6.53105339070366,-2.23296754327473,24.4369053059185,6.30958181884466,"gc_caL","2_caL"
1925,15,1.11589675962748,25.8656701987174,6.67848732787507,1.11442626806685,25.3983125730808,6.55781610782083,"gc_caL","2_caL"
1926,15,3.63330394067819,28.4415664309335,7.34358087513715,4.61552405229679,27.3588286050155,7.06401917059788,"gc_caL","2_caL"
1927,15,6.62746584926483,30.7991317560743,7.95230162459493,6.93148156775911,29.8414621973613,7.70503240779056,"gc_caL","2_caL"
1928,15,9.76536594044936,31.645461379361,8.17082299368767,10.7367120491696,31.2841494588999,8.07753265697222,"gc_caL","2_caL"
1929,15,8.78837457533161,31.9673228334729,8.25392726379179,7.78148491743114,32.275497841796,8.33349770878862,"gc_caL","2_caL"
1930,15,6.33383180589306,29.4854245282004,7.61310387690505,4.61442488440775,32.9985173089451,8.5201805324721,"gc_caL","2_caL"
1931,15,7.24393209057847,28.2135741037676,7.28471350939205,6.11407175616435,32.4522942402779,8.37914634258794,"gc_caL","2_caL"
1932,15,5.28682452701931,26.6859605367814,6.89028538243352,4.22806741245716,30.2602775795839,7.81317007448947,"gc_caL","2_caL"
1933,15,-7.39331838585076,23.3777854374095,6.03611824468647,-7.42862956872342,25.4801184128093,6.57893828481355,"gc_caL","2_caL"
1934,15,-9.55612905791788,20.0928281578278,5.18794592223165,-9.25498907410881,21.613469474164,5.58057382181331,"gc_caL","2_caL"
1935,15,-12.6623840137775,18.6990655817276,4.82807797251141,-13.2965446696877,20.6353758517286,5.32803113443171,"gc_caL","2_caL"
1936,15,-13.3521575016842,17.2452776649321,4.45271154646698,-13.8459634696461,20.3088407497468,5.24372013363652,"gc_caL","2_caL"
1937,15,-14.1755825322778,17.743428791115,4.5813336141737,-14.8449550690151,19.3872718643573,5.00577207060344,"gc_caL","2_caL"
1938,15,-15.823481801765,18.5488669033559,4.78929684051435,-17.3626572007405,19.2399748063089,4.96774013375231,"gc_caL","2_caL"
1939,15,-18.8138699278753,19.9138029587139,5.14172181458365,-20.2941142377259,19.8863498898457,5.13463346268174,"gc_caL","2_caL"
1940,15,-21.4917642025748,23.0790122214009,5.95897533202687,-22.4307443835721,23.6633685096579,6.10985547687161,"gc_caL","2_caL"
1941,15,-30.224201439025,25.1868909092157,6.50322726894235,-30.5220059140098,26.3189465310394,6.79552277362928,"gc_caL","2_caL"
1942,15,-37.015830219668,30.7916920048659,7.95038068909291,-37.2699469034694,31.0879151447162,8.02686517491967,"gc_caL","2_caL"
1943,15,-32.7045421664644,31.3368051969287,8.09112831007005,-36.8622714703113,35.6121939299021,9.19502893416131,"gc_caL","2_caL"
1944,15,-41.9219904621811,30.5314709899551,7.88319191195405,-44.5610215015581,33.4512974464055,8.63708786126395,"gc_caL","2_caL"
1945,15,-38.030515190484,28.5772901714565,7.37862459425253,-41.4457378568731,32.577978875164,8.4115979757738,"gc_caL","2_caL"
1946,15,-42.1516496863639,29.0357376396867,7.49699522155696,-46.7108765240367,30.941318411378,7.98901406113118,"gc_caL","2_caL"
1947,15,-46.1496701463683,28.7097391437872,7.41282277185648,-49.881584948058,29.8499457865524,7.70722286110077,"gc_caL","2_caL"
1948,15,-55.271293466711,31.3515565754558,8.09493709962801,-52.6801809116636,29.6661458687654,7.65976592639255,"gc_caL","2_caL"
1949,15,-52.5716187701696,31.3958818417167,8.10638183416432,-49.3158355100923,29.0107614241114,7.49054639042533,"gc_caL","2_caL"
1950,15,-43.8408683310684,28.7159362809059,7.41442286578012,-40.2284968486344,25.646662943975,6.621939897854,"gc_caL","2_caL"
1951,15,-33.5850586135053,27.6789006962934,7.14666142920489,-31.3726541761153,26.8329081407895,6.92822709063942,"gc_caL","2_caL"
1952,15,-22.3423308330635,26.1595091847432,6.75435622783136,-19.1301426569405,26.6817146733088,6.88918910519888,"gc_caL","2_caL"
1953,15,-18.2743237995433,24.02207101045,6.20247206432564,-14.3428995147115,26.0723321654811,6.7318472182464,"gc_caL","2_caL"
1954,15,-13.5863993325461,21.1529399012992,5.46166559740388,-12.5628448765445,23.9707783220807,6.18922834913655,"gc_caL","2_caL"
1955,15,-17.0585263096677,19.3838064976473,5.00487731676635,-14.7727445875486,21.7259105760394,5.60960598947947,"gc_caL","2_caL"
1956,15,-12.8233860649791,18.2322224893915,4.7075396043841,-9.93696853883525,22.7474127441997,5.87335671517279,"gc_caL","2_caL"
1957,15,-5.96310342467777,17.4045000967491,4.49382260158499,-5.02111426457464,21.3037119849436,5.50059478200572,"gc_caL","2_caL"
1958,15,4.97648630201278,18.152845982903,4.68704467853676,1.3215088687055,18.2805607834721,4.72002049824798,"gc_caL","2_caL"
1959,15,9.29223718318356,19.5526889013683,5.04848256590493,6.06715825902047,21.277694695548,5.49387714676955,"gc_caL","2_caL"
1960,15,8.23957106582528,23.9526939720824,6.18455899004519,6.55328130179786,26.2507882974441,6.77792439338784,"gc_caL","2_caL"
1961,15,9.56741583812294,27.2446014583533,7.0345258481507,8.98450550496305,30.0995553137468,7.77167176389268,"gc_caL","2_caL"
1962,15,6.39579948172908,31.5961987355843,8.15810343375851,4.94027105291681,31.5780440303736,8.15341590902944,"gc_caL","2_caL"
1963,15,6.47744863304154,33.9389171424159,8.76299072539268,7.26669496187677,32.9824169831223,8.51602344622009,"gc_caL","2_caL"
1964,15,13.1505807291496,37.7932474674345,9.7581745360313,15.1239824937085,35.5421772150321,9.17695069611814,"gc_caL","2_caL"
1965,15,18.1868249685241,38.8714772692287,10.0365722737469,19.5622717174533,36.7152750629306,9.47984325801031,"gc_caL","2_caL"
1966,15,19.2942595774819,36.5728651479854,9.44307317608248,20.5921141167281,38.7132262207334,9.99571202872405,"gc_caL","2_caL"
1967,15,15.6662708698232,33.4282877084859,8.63114677247974,18.6727368347863,35.246603328805,9.10063384685605,"gc_caL","2_caL"
1968,15,13.0376817408495,31.1102825742269,8.03264042038585,16.3290192085376,31.0163028439096,8.00837495835918,"gc_caL","2_caL"
1969,15,10.0427860361794,27.4900914817369,7.09791109963235,13.2724790600422,27.8143287466799,7.18162880145529,"gc_caL","2_caL"
1970,15,8.51928960240101,21.0879114603586,5.44487532615104,9.63584999516583,19.8244267562718,5.1186449783433,"gc_caL","2_caL"
1971,15,5.32521863051372,17.8965086454159,4.62085866259685,5.85663538331706,19.1166616142178,4.9359008044632,"gc_caL","2_caL"
1972,15,8.35403659243011,15.6913522682625,4.05148973429697,10.7469863499871,20.0405526673075,5.17444844861829,"gc_caL","2_caL"
1973,15,6.36368876373504,14.4717776905217,3.73659693236043,7.80926446557796,19.9327919074074,5.14662474005378,"gc_caL","2_caL"
1974,15,2.06714383648102,17.4015943179728,4.49307233273109,2.90152509416687,21.6104503752761,5.57979429383242,"gc_caL","2_caL"
1975,15,-0.67054211453465,17.5752455715179,4.53790889359964,0.501076688218732,21.7497268717128,5.61575533058023,"gc_caL","2_caL"
1976,15,-4.75281803504365,16.1224485946317,4.16279832713958,-3.00723336498545,19.713970507816,5.09012529762636,"gc_caL","2_caL"
1977,15,-0.898951074442839,16.5395649596415,4.27049730948049,0.499430303385634,19.1883212949204,4.95440325446024,"gc_caL","2_caL"
1978,15,-1.26086936515571,16.6552248482431,4.3003605643057,1.13261009729992,19.3871403622753,5.00573811691186,"gc_caL","2_caL"
1979,15,-0.924473592269438,17.4447234831886,4.50420823530552,1.71353937429176,22.5435954807455,5.8207313240376,"gc_caL","2_caL"
1980,15,1.60098874471995,17.8370151295533,4.60549750285398,4.65834950519166,23.3780925655275,6.03619754482556,"gc_caL","2_caL"
1981,15,3.2349967016908,17.5469640609922,4.53060663898152,6.41215999093205,22.8589672476262,5.90215996410381,"gc_caL","2_caL"
1982,15,-1.01254237585027,17.1500282798259,4.42811826098347,0.303599660904242,22.4651136518658,5.80046740295554,"gc_caL","2_caL"
1983,15,-0.846204799193261,15.9478936309211,4.11772842930965,-0.602699941639,19.1778540640702,4.951700627076,"gc_caL","2_caL"
1984,15,-2.41613536373936,15.6268495738902,4.03483521022434,-1.46723641000747,16.7493975164534,4.32467584268213,"gc_caL","2_caL"
1985,15,-3.67086705860765,14.0513048340781,3.62803130765788,-0.599880605232551,18.1872248868103,4.69592127335636,"gc_caL","2_caL"
1986,15,0.850858082122429,13.0768515020067,3.37642853920664,3.41883560293362,17.1680730505078,4.43277740073926,"gc_caL","2_caL"
1987,15,-2.56990475063121,14.2747874313876,3.685734266161,-1.63476504710768,19.1699849777865,4.94966883773424,"gc_caL","2_caL"
1988,15,-7.73288506067514,16.3818235501145,4.22976865267345,-9.33815115124137,27.387086646457,7.0713153655245,"gc_caL","2_caL"
1989,15,-11.7323430319835,16.9661403295494,4.3806385963842,-14.359454832204,24.5002915987614,6.32594808928189,"gc_caL","2_caL"
1990,15,-14.4806930467788,19.4621583212009,5.02510767061755,-16.103139200553,24.4630346300048,6.31632838131359,"gc_caL","2_caL"
1991,15,-18.3051208991576,20.357614005799,5.25631333419857,-20.6455848395512,25.1173185118528,6.48526375318622,"gc_caL","2_caL"
1992,15,-14.3831102060449,20.6832532511689,5.34039302581117,-17.4366633706095,23.0536785789839,5.95243421368154,"gc_caL","2_caL"
1993,15,-10.8350318843615,20.3507435648336,5.25453939396921,-13.3981027151242,24.9290995272806,6.43666582034034,"gc_caL","2_caL"
1994,15,-1.16100611047447,17.9146551991235,4.62554408261689,-3.1756944814325,22.129439168209,5.71379662395889,"gc_caL","2_caL"
1995,15,8.02377451409565,18.7578391462087,4.84325324160693,4.158382982633,22.1472145878976,5.71838621758729,"gc_caL","2_caL"
1996,15,5.14630728790116,17.2596668610164,4.4564268209203,2.14978758241669,21.8384038900049,5.63865163824934,"gc_caL","2_caL"
1997,15,4.9199886152823,15.7496926842739,4.06655316493852,2.15920146645309,18.2828758559544,4.7206182473926,"gc_caL","2_caL"
1998,15,10.3782877563356,16.3735444500262,4.22763099822255,8.56972894755399,20.2533254202646,5.22938613720028,"gc_caL","2_caL"
1999,15,18.246320394787,18.9801178273782,4.90064535029935,19.1213696926755,21.1319247204488,5.45623950104047,"gc_caL","2_caL"
2000,15,22.7645322318878,20.4455022160282,5.27900597250161,21.248079468761,23.6460689015494,6.10538873726494,"gc_caL","2_caL"
2001,15,30.9401639115506,20.4751144361091,5.28665181484944,31.318136910665,22.3237243355718,5.76396083846633,"gc_caL","2_caL"
2002,15,28.7604321520969,21.3645854455569,5.51631224195114,31.0276438448684,25.5338115838475,6.59280180196263,"gc_caL","2_caL"
2003,15,26.3474058563604,19.589956732561,5.05810507854217,28.0393512590632,20.5662303362858,5.31017783911338,"gc_caL","2_caL"
2004,15,18.354197476759,19.6239031378486,5.06687000269833,18.1012209801978,18.2366014643118,4.70867025084675,"gc_caL","2_caL"
2005,15,12.5050388824057,18.9624769916304,4.89609050609505,12.3475271548701,18.6817488170548,4.82360680309888,"gc_caL","2_caL"
2006,15,14.8931615647021,18.5910021569794,4.80017611621916,13.866983206853,19.049227970592,4.91848951254742,"gc_caL","2_caL"
1829,2,37.8091235869929,52.4871517129145,37.1140209013689,70.5448093775747,97.3039785207617,68.8043030484608,"gc_caH","1_caH"
1830,2,32.2709726107502,47.0324689066091,33.2569776998088,58.7614959106797,82.2062325872948,58.1285845182747,"gc_caH","1_caH"
1831,2,24.683227480971,46.7158049439702,33.0330624644694,21.060202707037,47.1344797657504,33.3291102700622,"gc_caH","1_caH"
1832,2,11.3801157142561,36.8840620809012,26.0809704151109,-1.31236758789783,36.9293665980859,26.1130055464305,"gc_caH","1_caH"
1833,2,4.99141814071733,25.7820543340762,18.2306654525453,-2.19539096967991,35.6805829556772,25.2299821646485,"gc_caH","1_caH"
1834,2,0.723002973190158,15.8584847346359,11.2136420952044,0.0176563024171434,17.2091739885152,12.1687236258983,"gc_caH","1_caH"
1835,2,-0.876583142652244,0.902422932072503,0.638109374766714,-0.547510365786144,1.60253293175883,1.13316190312143,"gc_caH","1_caH"
1836,2,1.03245007680491,10.5270386275956,7.44374039938556,1.15312634288767,11.4951673483053,8.12831078286083,"gc_caH","1_caH"
1837,3,31.7747968721564,45.1013742757661,26.0392905789356,33.7595123184241,52.3881799278709,30.2463297837108,"gc_caH","1_caH"
1838,3,34.1716375682483,58.7763865610154,33.9345626029957,38.1221626179206,72.9486478999102,42.1169215020324,"gc_caH","1_caH"
1839,4,24.967969470024,44.8059470653323,22.4029735326661,30.9031904548241,61.8426579647784,30.9213289823892,"gc_caH","1_caH"
1840,5,18.6984753473301,35.2485863651559,15.7636470446522,19.2867928814372,48.4734603645321,21.6779904959471,"gc_caH","1_caH"
1841,6,16.8953401876627,23.5263259224213,9.60458233872414,19.976949996656,31.4636383901683,12.8449765845594,"gc_caH","1_caH"
1842,6,9.94985439830688,18.5759986179477,7.58361967943624,14.9601042895575,23.2284865478069,9.48298992320503,"gc_caH","1_caH"
1843,6,4.49495625175677,17.5447896989142,7.1626304011297,4.78428235851882,17.6108811827297,7.18961213641163,"gc_caH","1_caH"
1844,7,-18.8659907936642,59.8782820807458,22.6318633313469,-25.6379449022908,58.1732142242003,21.9874082575028,"gc_caH","1_caH"
1845,7,-16.3761653230444,54.5311063679871,20.6108208809864,-29.2937787591364,67.4433944654176,25.491207047075,"gc_caH","1_caH"
1846,7,-17.3615440234951,55.9879829907402,21.1614684859447,-29.9612383102521,67.3757913036794,25.4656554536748,"gc_caH","1_caH"
1847,7,-26.4524614392306,64.0231822755029,24.1984883491341,-33.1307967594793,67.4474417827376,25.4927367892329,"gc_caH","1_caH"
1848,7,-23.2379855634028,66.3468172248598,25.0767398082337,-26.2606103495609,62.8380979266099,23.7505685677333,"gc_caH","1_caH"
1849,7,-14.2616670852195,58.374336059801,22.0634251661062,-9.87437749868894,61.5646100000435,23.2692353746851,"gc_caH","1_caH"
1850,7,0.00475253502552692,36.7369026950568,13.8852440671284,4.43802454961639,37.4737497154404,14.1637460628761,"gc_caH","1_caH"
1851,7,9.91388849818323,28.8703284747084,10.9119584875464,9.73443242400836,33.1200879522242,12.5182165888817,"gc_caH","1_caH"
1852,7,19.5066144554754,28.2016380993492,10.6592172822175,16.4879920067235,28.9391123593128,10.9379563522425,"gc_caH","1_caH"
1853,8,26.4753289267757,25.2295905761692,8.92000729148472,24.606446020747,26.5918344585366,9.40163323491068,"gc_caH","1_caH"
1854,8,24.3919102018722,22.648816515178,8.0075658718661,28.7081822354511,24.5552495936781,8.68159175070901,"gc_caH","1_caH"
1855,8,21.1165243586321,22.0250240503469,7.78702193089856,29.2493543649932,30.2736836352788,10.7033634950009,"gc_caH","1_caH"
1856,9,11.5423124400491,29.2436794907621,9.74789316358737,17.1846010381887,39.6226512805925,13.2075504268642,"gc_caH","1_caH"
1857,9,12.7937968446465,29.9242543759245,9.97475145864151,15.0725164428081,40.0230744223646,13.3410248074549,"gc_caH","1_caH"
1858,9,8.96875011967187,31.9486841802687,10.6495613934229,11.5714493420298,36.3855116946386,12.1285038982129,"gc_caH","1_caH"
1859,9,5.44476316768279,30.6240927301697,10.2080309100566,4.51313766988873,35.6412636810362,11.8804212270121,"gc_caH","1_caH"
1860,9,-4.09302806122988,18.2524577151722,6.08415257172408,-6.60904056385613,20.290965393423,6.763655131141,"gc_caH","1_caH"
1861,9,-11.8241581087228,16.2102057447701,5.40340191492336,-11.7526647051261,17.9519979951577,5.98399933171922,"gc_caH","1_caH"
1862,9,-15.5432829602614,19.6703869282417,6.55679564274725,-16.8647816512024,19.256753091722,6.41891769724066,"gc_caH","1_caH"
1863,10,-25.215436221747,23.4040326726887,7.40100496786944,-26.3735860932139,26.6871899160704,8.43923044842603,"gc_caH","1_caH"
1864,10,-27.8319789155576,27.9721572497293,8.84557279775361,-28.1210548814687,26.331198354477,8.32665603218249,"gc_caH","1_caH"
1865,10,-31.2069625878975,27.9108683390511,8.82619154244822,-32.2456570418002,24.2429688549363,7.6662998826123,"gc_caH","1_caH"
1866,10,-36.6849732411276,29.1512798708443,9.21844411008871,-36.8748899100431,24.5092586985798,7.75050812498064,"gc_caH","1_caH"
1867,10,-36.5501609859973,29.4499726956906,9.31289907481511,-39.4627838060795,28.6554468627161,9.06164794561091,"gc_caH","1_caH"
1868,11,-40.6310161453313,26.0458412817108,7.85311662550764,-44.5668796122578,25.7548347245014,7.76537484716249,"gc_caH","1_caH"
1869,11,-49.7658243753676,28.9154298519256,8.71833013369811,-52.1852689471878,32.8045689920241,9.89094970507919,"gc_caH","1_caH"
1870,11,-48.9435569085082,30.3857041592684,9.16163451700317,-52.8033786778948,33.5916865202261,10.1282745693481,"gc_caH","1_caH"
1871,11,-44.8773003263224,29.1034587881277,8.77502299107192,-53.1652994991461,33.4662443767726,10.0904523400087,"gc_caH","1_caH"
1872,11,-54.1202740947877,33.8329332182348,10.2010131856397,-55.1325669044978,38.5681225097628,11.6287264757585,"gc_caH","1_caH"
1873,11,-50.9628501765333,33.1074356842739,9.98226744868727,-52.0416246868249,36.5280379472429,11.0136178362608,"gc_caH","1_caH"
1874,11,-42.367756338702,30.9297210696746,9.32566178713279,-46.9559917384398,36.0690198769225,10.875218680693,"gc_caH","1_caH"
1875,12,-31.4988092709608,20.6046755790277,5.94805749605828,-37.3798897691992,25.6689303834051,7.40998193333434,"gc_caH","1_caH"
1876,12,-26.8910471139334,14.1505495205502,4.0849117874354,-32.7564942082187,20.0997752263148,5.8023053187819,"gc_caH","1_caH"
1877,12,-25.9782732109888,15.7055517396663,4.53380226233395,-25.7473894055414,20.1347602375402,5.81240462160622,"gc_caH","1_caH"
1878,12,-20.6872264763367,15.8366323284426,4.57164196894172,-17.9421820487983,18.6621206493239,5.38729019026821,"gc_caH","1_caH"
1879,12,-11.1932238194715,19.231946829392,5.55178483949503,-9.55083826210873,20.1126114375353,5.80601081378368,"gc_caH","1_caH"
1880,12,-5.48716695792223,18.9701479605973,5.47621001580894,-2.67506114366101,23.1286647602934,6.67667041267601,"gc_caH","1_caH"
1881,12,-3.45567501328209,19.3424116409713,5.58367328384566,1.10001173758371,25.2512752875541,7.28941529232534,"gc_caH","1_caH"
1882,12,7.30359228490266,20.0649789825772,5.79226050843756,8.61940410449421,25.2197902703258,7.28032635073924,"gc_caH","1_caH"
1883,12,7.77241559287219,20.6033359881536,5.9476707894824,10.0833953200721,23.088930145206,6.66520001731758,"gc_caH","1_caH"
1884,12,3.92552999730202,17.7443248760131,5.12234537187718,8.60065863552674,18.434523229317,5.32158847441429,"gc_caH","1_caH"
1885,12,-0.85641584309765,12.7534727076872,3.68161045044286,5.20599202242414,12.4022439539272,3.58021944267763,"gc_caH","1_caH"
1886,12,-0.409538740983225,10.8632607076175,3.13595324691002,4.7996262753581,11.959987264609,3.45255093336325,"gc_caH","1_caH"
1887,12,-2.78590684839752,12.3933492746388,3.57765176993687,-1.71016189865096,16.7577435105924,4.83754386342562,"gc_caH","1_caH"
1888,12,-6.92219523298551,13.8929650042684,4.01055354252821,-7.96155975155874,19.4985108127362,5.62873523326503,"gc_caH","1_caH"
1889,12,-8.82676447892011,15.8022963134179,4.56173001518303,-10.7758479847861,20.2180782707205,5.83645646604869,"gc_caH","1_caH"
1890,12,-13.5422650659067,18.4138650530068,5.31562497258745,-16.4208249963862,22.093402482684,6.37781593534618,"gc_caH","1_caH"
1891,12,-13.8162199636124,21.9831832022798,6.34599836974054,-16.221286405487,22.2888902220538,6.43424838482038,"gc_caH","1_caH"
1892,12,-19.3338453618963,20.9716534583809,6.05399488477388,-22.2896643618898,23.7478533962998,6.85541477551474,"gc_caH","1_caH"
1893,12,-22.0992509110396,19.7096395637419,5.68968285387844,-26.7644381542844,23.0982397238838,6.66788746119542,"gc_caH","1_caH"
1894,12,-19.8635616868437,17.8143241402415,5.14255241889984,-24.6116125085427,19.430768521246,5.60917971815134,"gc_caH","1_caH"
1895,12,-15.998028067512,16.0007540022659,4.61901981522261,-19.6190632123083,18.0653104486114,5.21500592524998,"gc_caH","1_caH"
1896,12,-13.2061174034004,12.9079267379524,3.72619748841838,-14.7488304005513,15.0021271762334,4.33074108180768,"gc_caH","1_caH"
1897,12,-8.3717364444106,12.7692379599687,3.68616148676715,-8.62622294797247,11.9632271082647,3.45348619566663,"gc_caH","1_caH"
1898,13,1.4141215950953,23.9142273477253,6.63261330117897,2.20806288546162,26.6450043067337,7.38999455868364,"gc_caH","1_caH"
1899,13,-2.65056757090486,26.1095039077587,7.24147347048858,0.0952243735662376,26.4644870226716,7.33992807223797,"gc_caH","1_caH"
1900,13,-0.0565993756561876,29.080321385265,8.06542998934962,1.35443129475133,27.1328530471521,7.52529945470278,"gc_caH","1_caH"
1901,13,-5.45070069007487,24.0202731952995,6.66202512740811,-2.39583975781201,28.4186517331112,7.88191584640663,"gc_caH","1_caH"
1902,13,-6.92289219363828,21.7984612793176,6.04580537452277,-2.31597701388765,28.650125339472,7.94611507384125,"gc_caH","1_caH"
1903,14,-3.78102555190435,20.5982569372477,5.50511573028004,2.70132998357892,27.5912313298589,7.37406675111109,"gc_caH","1_caH"
1904,14,-7.78790015283859,18.9021442645121,5.05181055094131,-2.68134577116196,23.6493938031537,6.32056635830685,"gc_caH","1_caH"
1905,14,-9.14912032618721,18.5021759572617,4.94491452441995,-7.55383645483908,21.6696750713696,5.79146427141294,"gc_caH","1_caH"
1906,14,-13.4408851820928,18.1290967097246,4.84520490139144,-14.551388535812,20.8386089878565,5.56935251782194,"gc_caH","1_caH"
1907,14,-16.2993969431307,19.240586270766,5.14226298184807,-16.8063512971692,16.8436162147312,4.50164578784531,"gc_caH","1_caH"
1908,15,-23.5106641717611,20.3376015315168,5.25114613555779,-22.5115772909037,19.4583960565984,5.02413625807425,"gc_caH","1_caH"
1909,15,-19.7661829688236,19.5103903366922,5.03756112346768,-20.4182291279679,18.4581066849501,4.76586265288876,"gc_caH","1_caH"
1910,15,-18.3400667085455,17.2109225323217,4.44384108936986,-18.6087142412668,17.5951051804747,4.54303662258308,"gc_caH","1_caH"
1911,15,-16.1296344610982,16.7618628204067,4.32789437032324,-17.30289737171,18.1396303341784,4.6836324127088,"gc_caH","1_caH"
1912,15,-15.4967092834995,16.0700691579111,4.14927401473274,-15.5700925529829,17.7388523826167,4.58015199058041,"gc_caH","1_caH"
1913,15,-14.2076400802142,15.0901305900343,3.89625496448652,-14.3910832828302,17.8519333771581,4.60934937782251,"gc_caH","1_caH"
1914,15,-12.8092163903745,15.0039187676019,3.8739951676514,-13.4094753667584,16.9736706625818,4.38258292001258,"gc_caH","1_caH"
1915,15,-11.5703715092745,14.628278611105,3.77700529629945,-11.6059566208212,14.9745200879623,3.86640446120843,"gc_caH","1_caH"
1916,15,-10.958453361783,14.1456638803587,3.65239470864512,-12.4995023809508,16.548452387855,4.27279203357792,"gc_caH","1_caH"
1917,15,-13.0026479251501,16.8885737535989,4.36061099259228,-13.4168962831387,17.9845887380603,4.64360084472647,"gc_caH","1_caH"
1918,15,-14.3910229519049,17.9734071134709,4.64071376167193,-17.2996338335494,19.7754650021918,5.10600310779977,"gc_caH","1_caH"
1919,15,-15.5526023638127,19.5410785051281,5.04548477448619,-19.0971455049426,21.6398687823469,5.58739009387621,"gc_caH","1_caH"
1920,15,-19.5486134781064,24.0011246666972,6.19706374162441,-20.7930258125396,20.5401342837743,5.30343986732813,"gc_caH","1_caH"
1921,15,-21.3297145962687,23.7089211305625,6.12161711301424,-22.3798450741908,21.5265660471055,5.55813545343159,"gc_caH","1_caH"
1922,15,-19.7460801823238,20.2681400450999,5.23321125688476,-22.3647577260451,19.3390515596235,4.99332164145789,"gc_caH","1_caH"
1923,15,-18.0724909432762,17.6337354678298,4.55301091988878,-20.9753657182791,18.0552397491447,4.66184285734797,"gc_caH","1_caH"
1924,15,-18.055139438887,19.5133121002017,5.03831551956192,-20.2124420135676,19.5675979979936,5.05233207810072,"gc_caH","1_caH"
1925,15,-22.3120204415718,21.3275617740136,5.50675277106431,-22.0840058502484,18.313281641838,4.72846898754965,"gc_caH","1_caH"
1926,15,-23.1857580457108,21.3472178694254,5.51182795307639,-19.9708424699602,16.3841602118178,4.23037197613097,"gc_caH","1_caH"
1927,15,-26.1393431469243,19.874481996329,5.1315691857521,-23.1892438495562,16.7386231275736,4.32189390743564,"gc_caH","1_caH"
1928,15,-26.0830940486135,19.4755175643237,5.02855701235972,-21.6099043384266,18.4771241170181,4.77077293273457,"gc_caH","1_caH"
1929,15,-29.3127394970672,19.0367220821225,4.9152605060293,-25.7001422505783,17.9261684895127,4.62851680141272,"gc_caH","1_caH"
1930,15,-31.3837011724678,21.2073853677349,5.47572335638933,-32.5434095099736,23.2012842728345,5.99054583995415,"gc_caH","1_caH"
1931,15,-27.0560828753301,21.8154308462032,5.63272002384563,-31.5513931377763,28.4879930488914,7.3555681763486,"gc_caH","1_caH"
1932,15,-33.2983735700005,27.7696481718178,7.17009232663265,-41.0987835122857,41.6045689821232,10.7422535195934,"gc_caH","1_caH"
1933,15,-42.3001640584024,36.1927409210938,9.34492552273305,-47.0598447440875,43.8391132001121,11.3192103557691,"gc_caH","1_caH"
1934,15,-41.0182173012207,38.5342016469966,9.94948808254776,-44.7860350085765,43.4443109603005,11.21727285578,"gc_caH","1_caH"
1935,15,-39.8777914810027,38.8737418438226,10.0371569843927,-44.6764361822882,41.4132155244737,10.692846269279,"gc_caH","1_caH"
1936,15,-34.0278505320213,34.0332496910301,8.78734728471189,-41.3713744355144,40.2049674544647,10.3808779590635,"gc_caH","1_caH"
1937,15,-25.8907631302423,29.4607200816358,7.60672521623025,-31.1812267113555,30.212042962225,7.80071594984003,"gc_caH","1_caH"
1938,15,-19.7312462140317,25.5267777143141,6.59098566465847,-22.951639613847,25.2657632856047,6.52359202895772,"gc_caH","1_caH"
1939,15,-14.1070558013171,20.9509396418689,5.40950935469034,-14.6843691326452,19.6862153809355,5.08295895468103,"gc_caH","1_caH"
1940,15,-8.73894275491568,16.5802516232354,4.28100256084795,-7.00181164511827,14.9568813963475,3.86185017061689,"gc_caH","1_caH"
1941,15,-11.4624039082493,14.0748219160927,3.63410339212414,-7.01725706415376,14.8961481490855,3.84616891360311,"gc_caH","1_caH"
1942,15,-6.18979271553847,14.5963553375177,3.76876274250212,1.06407868823155,21.8382104455516,5.63860169110627,"gc_caH","1_caH"
1943,15,-2.1063110224306,17.761281334287,4.58594312099988,1.90431118685298,24.3137666736586,6.27778756071019,"gc_caH","1_caH"
1944,15,-3.53477193926606,21.4079835427133,5.52751758245408,1.57056070825578,26.6155495629652,6.87210534716815,"gc_caH","1_caH"
1945,15,3.00654631548854,23.7952902586593,6.14391752599727,6.59090628965754,26.2406861286914,6.77531602463184,"gc_caH","1_caH"
1946,15,1.3100375591166,24.7245722217338,6.38385709712518,5.48259911470293,26.9642835954063,6.96214808716151,"gc_caH","1_caH"
1947,15,-1.89852211048934,24.5784613892698,6.34613144240292,-0.904644708053585,23.3997272132944,6.04178358685905,"gc_caH","1_caH"
1948,15,-5.22631719728926,25.0436886733346,6.46625261062854,-5.95277152393412,21.5707987881361,5.56955629805616,"gc_caH","1_caH"
1949,15,-3.38593079416262,22.1874267816418,5.72876896136634,-4.06558584051098,19.2085913384807,4.95963695720265,"gc_caH","1_caH"
1950,15,0.0613503933311618,19.7832004741942,5.10800039808244,-0.349863038486474,19.1497492159062,4.94444398648355,"gc_caH","1_caH"
1951,15,1.85338679344939,16.7065122752676,4.31360292102143,1.99800769666545,17.5113179428219,4.52140285084617,"gc_caH","1_caH"
1952,15,1.70597033830291,16.4269424731536,4.24141830850874,2.57148763580065,17.0817919753509,4.41049972292757,"gc_caH","1_caH"
1953,15,2.68732193597951,15.6729232901073,4.04673139259814,3.955124026436,14.9523529985552,3.86068094333458,"gc_caH","1_caH"
1954,15,-0.0250453732790829,15.7520596832934,4.06716432145737,-0.962018046732348,18.2198297320472,4.70433980819691,"gc_caH","1_caH"
1955,15,-7.06718249460652,15.7750350572212,4.07309653749706,-7.48473852389346,20.564977796538,5.30985443474113,"gc_caH","1_caH"
1956,15,-9.84504050225066,18.8841109623321,4.87585648433634,-10.6705698321174,22.5958336755389,5.83421916793567,"gc_caH","1_caH"
1957,15,-8.61964941892267,20.8981299921018,5.39587396175253,-10.0025343004277,25.8681884642304,6.6791375412346,"gc_caH","1_caH"
1958,15,-8.76946221846091,23.9384506138149,6.18088137075426,-10.7706301717437,29.3209041857298,7.57062490713832,"gc_caH","1_caH"
1959,15,-11.2213643176471,24.1071594591844,6.22444180731919,-13.4502578938578,26.7572348179332,6.90868832269444,"gc_caH","1_caH"
1960,15,-17.3349725049356,23.4300176987116,6.04960455656366,-17.6928209385516,24.4429887178377,6.31115254904808,"gc_caH","1_caH"
1961,15,-15.3809985176428,22.2569840954953,5.7467285825771,-17.6095763191333,23.7718019517032,6.13785287121916,"gc_caH","1_caH"
1962,15,-14.8935717496774,21.6238092972952,5.58324355266597,-17.8674484971226,23.4220079052031,6.04753643677268,"gc_caH","1_caH"
1963,15,-10.6534595484088,18.4079839450384,4.75292101709248,-11.4560453169731,20.383332635282,5.2629538557769,"gc_caH","1_caH"
1964,15,-4.38923648675238,17.3075274563142,4.46878437348883,-2.83602032362183,15.6800512122406,4.04857181417915,"gc_caH","1_caH"
1965,15,-1.2058699453556,17.0369279132052,4.39891587189201,1.13858012448401,15.6394456949018,4.03808751468467,"gc_caH","1_caH"
1966,15,1.88360821951356,17.7436006086152,4.58137797726148,4.23307192272197,17.9850362012408,4.64371637922289,"gc_caH","1_caH"
1967,15,1.00932016085529,19.2475118086994,4.96968617940156,4.53661256869703,21.304932609973,5.50090994603312,"gc_caH","1_caH"
1968,15,3.34747402196825,19.1846232293451,4.9534484180345,7.01679381394719,24.6092190853383,6.35407304537899,"gc_caH","1_caH"
1969,15,2.73970084559462,18.804433746892,4.85528391577157,6.01278509860653,24.6636218025279,6.36811976655658,"gc_caH","1_caH"
1970,15,4.62455091585138,19.1938410150326,4.95582844006493,6.48150160811141,23.1214902876988,5.96994312158361,"gc_caH","1_caH"
1971,15,0.0499514106915958,19.0333254298465,4.91438349418276,1.63749230884634,23.2509356506621,6.00336577058365,"gc_caH","1_caH"
1972,15,0.42003226599573,18.1027756434868,4.67411657249023,2.86344273656086,21.0958127867922,5.44691543986372,"gc_caH","1_caH"
1973,15,-5.7855403492334,18.1819975716621,4.69457158638874,-5.18997993934783,18.6578538297171,4.81743714389778,"gc_caH","1_caH"
1974,15,-6.40921909095773,17.2846483328561,4.46287700921357,-8.47802813566818,16.8328397670251,4.34622053913774,"gc_caH","1_caH"
1975,15,-6.35323696058562,16.4173582940744,4.23894368411137,-8.44087459269969,14.9436051913595,3.85842226922893,"gc_caH","1_caH"
1976,15,-6.32051407857593,15.3849952537947,3.97238869329512,-6.72187768462431,16.3290251604644,4.21613616708536,"gc_caH","1_caH"
1977,15,-1.34541772902761,15.5490190980935,4.01473946778516,-1.52582454162762,17.5468736515256,4.53058329535762,"gc_caH","1_caH"
1978,15,-0.886942569752044,16.8190453566919,4.342658837705,-1.72772277158452,17.2953534890691,4.46564106866233,"gc_caH","1_caH"
1979,15,0.0908772690445997,17.3079269898974,4.46888753261642,-0.391926663767497,18.2970638592645,4.724281574095,"gc_caH","1_caH"
1980,15,2.78255168318861,18.7075569418579,4.83027043226951,0.636991572709999,18.6475239262876,4.81476997430109,"gc_caH","1_caH"
1981,15,9.92355281908904,20.0311126537419,5.17201104759646,7.58753045924946,19.4643262140034,5.02566741813224,"gc_caH","1_caH"
1982,15,10.38442338258,19.197829732779,4.95685832255856,7.73367165283854,19.7789905305707,5.10691339531296,"gc_caH","1_caH"
1983,15,13.4520371806448,16.5419147789676,4.27110403022158,12.7371408820347,18.0796335227873,4.66814130261923,"gc_caH","1_caH"
1984,15,8.92254403778634,15.4483160725649,3.98873805839948,10.9976140540665,17.078159375036,4.40956178955936,"gc_caH","1_caH"
1985,15,4.30099989516115,13.5385947201577,3.49565012548149,9.61771754384889,16.5899375623855,4.28350345958266,"gc_caH","1_caH"
1986,15,6.60751465248083,13.6165673536918,3.51578257289067,12.1507805680448,15.5227026802539,4.00794459791684,"gc_caH","1_caH"
1987,15,3.92850788063547,15.8450658717956,4.09117841606825,8.84568057512996,18.4042041672746,4.75194508267038,"gc_caH","1_caH"
1988,15,-0.632396764515015,13.6798018908062,3.53210966016727,1.66939755384764,17.475144712776,4.51206296300974,"gc_caH","1_caH"
1989,15,-3.56514019396718,11.7648621766013,3.03767435202683,-4.17285811678265,15.1711630847152,3.91717746464659,"gc_caH","1_caH"
1990,15,-4.88169649251478,12.4373878164297,3.21131972555701,-4.29148214421605,15.9212234855089,4.11084222737483,"gc_caH","1_caH"
1991,15,-10.9840761832641,12.6053589728199,3.25468969164653,-10.5229709263889,15.1741779490642,3.91795589927423,"gc_caH","1_caH"
1992,15,-10.1658652629891,13.1899390071709,3.40562760748429,-9.22444854850372,14.8788570043127,3.84170435922031,"gc_caH","1_caH"
1993,15,-7.42892009808707,13.2541730017445,3.42221275356722,-5.33259507156641,17.2404360963642,4.45146145883813,"gc_caH","1_caH"
1994,15,2.84592570310092,14.6232064447481,3.7756956685775,4.61155120405048,17.4063746911945,4.49430661978951,"gc_caH","1_caH"
1995,15,14.485613966117,15.3977704691111,3.97568723970611,11.0166242589268,16.7612771818155,4.32774315908918,"gc_caH","1_caH"
1996,15,9.99028428970041,14.0565847619782,3.62939457917963,5.56124159570424,14.073558456973,3.63377716838219,"gc_caH","1_caH"
1997,15,7.67307932982433,15.1420256316316,3.90965420661033,3.0759577937403,17.3456267046077,4.47862155709843,"gc_caH","1_caH"
1998,15,11.0181186223515,15.7714804622608,4.07217874502477,8.70248163997488,17.9777262407068,4.6418289555289,"gc_caH","1_caH"
1999,15,19.2015853717343,15.892554725409,4.1034399853466,19.3870470791726,16.1517074284389,4.17035292554389,"gc_caH","1_caH"
2000,15,21.4596278528676,17.4162872742434,4.49686603772725,20.3033545566762,18.4767601053699,4.77067894533115,"gc_caH","1_caH"
2001,15,26.6928892769461,17.4883808865617,4.51548052838571,27.6171588025237,17.6506292763116,4.55737288248238,"gc_caH","1_caH"
2002,15,23.1424480231248,18.1937464510738,4.69760513400861,21.4888036489087,21.3812781552078,5.52062228104988,"gc_caH","1_caH"
2003,15,19.6848732087289,19.5190109637171,5.03978695979443,14.4546461810393,27.7619841940604,7.16811349608464,"gc_caH","1_caH"
2004,15,9.0867685314097,20.3053641921222,5.24282249031772,0.562321581526433,28.825254631696,7.44264874258312,"gc_caH","1_caH"
2005,15,2.74591433234708,19.7931661920308,5.1105735353634,-1.43494877464765,24.8651490104666,6.42015386790019,"gc_caH","1_caH"
2006,15,5.35043606874762,18.9915398288937,4.90359449840934,0.821172817905805,22.8103421124763,5.88960500819429,"gc_caH","1_caH"
1931,1,-958.115183246073,NA,NA,-902.898550724638,NA,NA,"gc_sj","0_sj"
1932,1,-758.739255014326,NA,NA,-995.081967213114,NA,NA,"gc_sj","0_sj"
1933,1,-674.050632911393,NA,NA,-939.285714285714,NA,NA,"gc_sj","0_sj"
1934,1,-561.661341853035,NA,NA,-532.142857142857,NA,NA,"gc_sj","0_sj"
1935,1,-458.922558922559,NA,NA,-207.142857142857,NA,NA,"gc_sj","0_sj"
1936,2,-217.31915632366,109.979922336702,77.7675488786518,-164.176161262051,40.2511704102246,28.4618755477651,"gc_sj","0_sj"
1937,4,-40.1649917448578,50.400083118739,25.2000415593695,-94.0901814713616,79.585196776446,39.792598388223,"gc_sj","0_sj"
1938,4,30.2989857971291,67.9878808954071,33.9939404477035,-76.7512227036767,88.9690061204156,44.4845030602078,"gc_sj","0_sj"
1939,5,92.8043998533228,83.302142991065,37.2538508798858,-35.2969905560033,95.1617726421178,42.557638497431,"gc_sj","0_sj"
1940,6,136.153537323007,126.009230269319,51.4430528401169,8.27818514168043,78.4279129496347,32.018061386337,"gc_sj","0_sj"
1941,6,176.897280519515,173.896020589469,70.9927531241193,99.9274902755904,120.871954382813,49.3457687418096,"gc_sj","0_sj"
1942,7,222.68292672611,205.979805384544,77.8530485927122,232.883330533461,238.103183209404,89.9945441635618,"gc_sj","0_sj"
1943,7,267.190744356176,249.658349037421,94.3619863262826,304.317458549088,304.432949165132,115.064839197844,"gc_sj","0_sj"
1944,7,300.081640254731,272.6208371363,103.040991039556,346.95704525542,337.525974190712,127.572826961919,"gc_sj","0_sj"
1945,7,346.332083817964,299.912682275354,113.356338904988,367.371160714826,337.829993382895,127.687735415677,"gc_sj","0_sj"
1946,8,361.083059784672,292.414141636182,103.384011232894,370.135967920516,332.551873310943,117.574842357229,"gc_sj","0_sj"
1947,8,193.943187420257,153.563394587251,54.2928588273354,356.211965569271,340.581328946047,120.413683621638,"gc_sj","0_sj"
1948,8,85.3492674824049,89.8446036468388,31.7648642458487,314.909185208854,317.233161451473,112.158859839792,"gc_sj","0_sj"
1949,8,42.7729615485359,81.1933444109306,28.7061822100919,271.16370604307,301.44978925123,106.5785950834,"gc_sj","0_sj"
1950,8,24.1205073952407,72.1855359728083,25.5214409949791,204.358373332646,251.061684435532,88.7637097802409,"gc_sj","0_sj"
1951,8,13.5475524344461,67.0059821808421,23.6901921900692,70.0351858556684,83.6613616796484,29.5787580834899,"gc_sj","0_sj"
1952,8,-6.63056237900255,64.7837662094994,22.9045201987705,8.87448756323466,46.9630495679966,16.6039454073652,"gc_sj","0_sj"
1953,8,-15.1854738649875,65.3877593184858,23.1180640103476,-6.23882420305347,40.0515783699115,14.1603713312944,"gc_sj","0_sj"
1954,8,-23.6302458405695,69.5676475117735,24.5958776533852,-11.694604187923,41.5441378741453,14.6880708046785,"gc_sj","0_sj"
1955,8,-29.4815221884764,67.722690231394,23.9435867514073,-12.5082762535578,41.0044898876072,14.4972764293111,"gc_sj","0_sj"
1956,9,-29.9436269522329,65.6953427466553,21.8984475822184,-12.5088401758749,39.7884069828913,13.2628023276304,"gc_sj","0_sj"
1957,14,-20.2199575949518,49.427705365415,13.2101099208422,-9.56359393898391,33.4928377022798,8.95133739948256,"gc_sj","0_sj"
1958,18,-13.702600882884,38.0841061811988,8.97650991205141,-5.56227265056778,28.5960902254778,6.74016310461923,"gc_sj","0_sj"
1959,20,-9.44052223253023,30.3833922633777,6.79393304879537,-7.04024606517278,26.7895856579178,5.99033346201577,"gc_sj","0_sj"
1960,20,-10.4938199312993,30.5255754115545,6.82572616725321,-8.85694623929023,36.4699336253576,8.15492507212049,"gc_sj","0_sj"
1961,20,-13.2861863693365,30.1357539828876,6.73855944589467,-12.723328325196,36.8634285577495,8.2429132138835,"gc_sj","0_sj"
1962,20,-17.8232163661034,31.9386982574012,7.14171004164031,-21.4031472895907,38.6877588870206,8.65084587684996,"gc_sj","0_sj"
1963,20,-25.9137131551249,38.8243783579719,8.68139491925968,-34.3457343607397,50.7714148786934,11.3528334982603,"gc_sj","0_sj"
1964,20,-37.4634412012352,48.6171815122856,10.8711322735917,-45.4670206360337,54.4948961255511,12.1854292163522,"gc_sj","0_sj"
1965,20,-44.3476121056991,50.2714385638555,11.2410353955485,-51.2430346070671,58.0644190105079,12.9835987981527,"gc_sj","0_sj"
1966,20,-61.1825130466949,47.2110232672871,10.5567057312978,-64.874335562225,50.1808583911892,11.220781053199,"gc_sj","0_sj"
1967,20,-59.5985161833473,45.1903933057198,10.1048791361541,-68.7990477344766,50.6539582441379,11.3265693963328,"gc_sj","0_sj"
1968,20,-44.323597052465,34.6300617700387,7.74351721828232,-51.2772050834958,40.8281896225937,9.12946073943709,"gc_sj","0_sj"
1969,20,-47.9200211943681,32.1142356397614,7.1809613935953,-50.5514838093591,37.9130856410729,8.47762367302103,"gc_sj","0_sj"
1970,20,-56.7863709270942,32.6612297526723,7.30327299557139,-58.3880440059438,36.8028713342263,8.22937220705083,"gc_sj","0_sj"
1971,20,-65.8787210805336,33.1437304873539,7.41116343976555,-66.2071060211181,34.836866645777,7.78976019430524,"gc_sj","0_sj"
1972,20,-60.4614699548478,31.9039232281878,7.13393410871624,-61.9211649803595,33.4084014629134,7.47034566906777,"gc_sj","0_sj"
1973,20,-64.1753673428969,35.2376597761288,7.8793802627434,-75.4129542064443,42.9123169213499,9.59548577081529,"gc_sj","0_sj"
1974,20,-66.6612511120471,38.8853470929948,8.69502794286102,-87.5591541861669,53.4771678616031,11.9578582582712,"gc_sj","0_sj"
1975,20,-60.7820719751489,38.3684872400979,8.57945456626923,-82.924681254647,52.3962559967773,11.7161590175275,"gc_sj","0_sj"
1976,20,-42.1591415123794,31.9930366411912,7.15386047363451,-58.9777664506082,41.1728354250757,9.20652588368806,"gc_sj","0_sj"
1977,20,-35.0115184134505,31.2637164123731,6.99077951273421,-47.271990868689,37.7851245918438,8.44901071256618,"gc_sj","0_sj"
1978,20,-51.4545484003554,33.3848642646192,7.4650825915292,-60.2555254660104,39.2368559736163,8.77362771803747,"gc_sj","0_sj"
1979,20,-57.9332993223627,34.2087150279603,7.64930122254378,-65.6011320621216,39.0713629030914,8.73662234248758,"gc_sj","0_sj"
1980,20,-57.6249089988749,34.4950803650947,7.71333445856699,-64.9170870363001,39.6021033733669,8.8552995194822,"gc_sj","0_sj"
1981,20,-48.7271515027716,30.7944844451054,6.88585605513156,-56.7274408514048,37.8884515278636,8.47211531785089,"gc_sj","0_sj"
1982,20,-48.5511557365683,29.8642566830924,6.6778508040897,-53.4044541325904,38.2798531340611,8.5596353776469,"gc_sj","0_sj"
1983,20,-42.7226032042706,27.9501381932285,6.24984089805721,-35.4439347558861,26.5706601551721,5.941380231401,"gc_sj","0_sj"
1984,20,-41.679350668672,28.2803223138855,6.32367231194521,-30.9416896755285,21.5984597559556,4.82956242236101,"gc_sj","0_sj"
1985,20,-53.2143249875785,36.2038360204614,8.09542383880071,-44.2145694660734,30.0429895563594,6.71781668953359,"gc_sj","0_sj"
1986,20,-64.0780348830642,45.650510433929,10.2077644537829,-67.9471668041322,53.0093151349638,11.8532432082487,"gc_sj","0_sj"
1987,20,-70.5349142671598,55.2001314121975,12.3431246204595,-73.9096218967038,56.7516745421404,12.690060211317,"gc_sj","0_sj"
1988,20,-56.7351800562668,53.8763635624813,12.0471211306201,-69.9579672215686,50.1313286727776,11.2097058714715,"gc_sj","0_sj"
1989,20,-43.3621411947353,47.814703203082,10.6916926686068,-61.6323391016401,47.515292998498,10.6247425115461,"gc_sj","0_sj"
1990,20,-32.005847962642,43.6146620074935,9.7525349064433,-53.6052772401515,39.0983723690993,8.74266184269056,"gc_sj","0_sj"
1991,20,-16.9097985729459,38.8178100935723,8.67992621069052,-33.8840707548516,44.3406333604036,9.91486703592574,"gc_sj","0_sj"
1992,20,-1.19358957142717,38.0599230028661,8.51045750528166,-5.0496772847332,48.2758905060354,10.7948172845832,"gc_sj","0_sj"
1993,20,18.1940477174436,39.9303363834355,8.92869465177948,19.0557434173056,45.9920630507289,10.2841379406886,"gc_sj","0_sj"
1994,20,38.0673808633607,44.4533324255369,9.9400673129896,46.0566545006912,50.4469623047201,11.2802836971724,"gc_sj","0_sj"
1995,20,54.8038402918967,49.6329327987792,11.0982611660749,64.9778421786335,59.5667173211099,13.3195229126516,"gc_sj","0_sj"
1996,20,61.7546268387076,53.4166590813932,11.9443280836927,79.0485512737826,72.1932033714952,16.142891025213,"gc_sj","0_sj"
1997,20,52.2516640707184,56.820402880624,12.705428335,65.1711630259223,67.7137043028726,15.1412445829543,"gc_sj","0_sj"
1998,20,43.191562990213,53.798422309769,12.0296929366885,57.0265219737214,62.121047192699,13.8906884356347,"gc_sj","0_sj"
1999,20,46.078857801545,56.0137574890374,12.5250569420676,65.8809986084444,65.5671097998094,14.6612514600567,"gc_sj","0_sj"
2000,20,51.8471789564629,66.501516556543,14.8701911627258,82.9006794424713,81.757368575084,18.2815033795393,"gc_sj","0_sj"
2001,20,39.9871582408165,55.1791760633258,12.3384388620026,64.3770122100022,83.2041219095685,18.6050072597975,"gc_sj","0_sj"
2002,20,20.4913779139767,39.1954251485981,8.76436350392701,17.0534448964342,52.6235296462881,11.7669789505076,"gc_sj","0_sj"
2003,20,1.96654872095881,31.0765346486104,6.94892439794205,-3.35277826867475,41.6086347022403,9.30397356451661,"gc_sj","0_sj"
2004,20,-10.7208016929369,32.2009284577403,7.20034649701147,-16.7928227585588,45.2514613792148,10.1185343725131,"gc_sj","0_sj"
2005,20,-9.7961316467716,32.4460757050539,7.25516308796049,-8.69078303314131,44.2791437835827,9.90111754855782,"gc_sj","0_sj"
2006,20,-5.61194029653976,31.0818135803726,6.95010480296891,-3.96270457961048,44.2717842223649,9.89947190064106,"gc_sj","0_sj"
