"","CA1101","CA1102","CA1201","CA1202","CA1301","CA1302","CA1401","CA1402","CA1501","CA1502","CA1601","CA1602","CA1701","CA1702","CA1801","CA1802","CA1901","CA1902","CA2001","CA2002","CA2101","CA2102","CA2201","CA2202","CA2301","CA2302","CA2401","CA2402","CA2501","CA2502"
"1819",NA,NA,NA,NA,NA,NA,NA,NA,NA,NA,NA,NA,NA,NA,NA,NA,NA,NA,NA,NA,NA,NA,1.06033107305406,NA,NA,0.789254106976761,NA,NA,NA,NA
"1820",NA,NA,NA,NA,NA,NA,NA,NA,NA,NA,NA,NA,NA,NA,NA,NA,NA,NA,NA,NA,NA,NA,1.07428581409621,NA,NA,1.229734188259,NA,NA,NA,NA
"1821",NA,NA,NA,NA,NA,NA,NA,NA,NA,NA,NA,NA,NA,NA,NA,NA,NA,NA,NA,NA,NA,NA,0.644111492556619,NA,NA,0.990814513188453,NA,NA,NA,NA
"1822",NA,NA,NA,NA,NA,NA,NA,NA,NA,NA,NA,NA,NA,NA,NA,NA,NA,NA,NA,NA,NA,NA,0.756135194609526,1.25725366016193,NA,0.796948687081462,NA,NA,NA,NA
"1823",NA,NA,NA,NA,NA,NA,NA,NA,NA,NA,NA,NA,NA,NA,NA,NA,NA,NA,NA,NA,NA,NA,0.992273958762276,1.00910620264851,NA,0.69289847778982,NA,NA,NA,NA
"1824",NA,NA,NA,NA,NA,NA,NA,NA,NA,NA,NA,NA,NA,NA,NA,NA,NA,NA,NA,NA,NA,NA,0.434672906652377,1.07219083614376,NA,0.525126234513636,NA,NA,NA,NA
"1825",NA,NA,NA,NA,NA,NA,NA,NA,NA,NA,NA,NA,NA,NA,NA,NA,NA,NA,NA,NA,NA,NA,1.07285030329515,0.668287437632066,NA,0.54476011974973,NA,NA,NA,NA
"1826",NA,NA,NA,NA,NA,NA,NA,NA,NA,NA,NA,NA,NA,NA,NA,NA,NA,NA,NA,NA,NA,NA,1.29642081514016,1.77090926555464,NA,0.875821703160025,NA,NA,NA,NA
"1827",NA,NA,NA,NA,NA,NA,NA,NA,NA,NA,NA,NA,NA,NA,1.7187349833415,NA,NA,NA,NA,NA,NA,NA,1.27100085211289,0.83219618509211,NA,1.88302384914581,NA,NA,NA,NA
"1828",NA,NA,NA,NA,NA,NA,NA,NA,NA,NA,NA,NA,NA,NA,0.887862955018571,NA,NA,NA,NA,NA,NA,NA,1.26792508009517,0.602292939650322,NA,1.18442890266439,NA,NA,NA,NA
"1829",NA,NA,NA,NA,NA,NA,NA,NA,NA,NA,NA,NA,NA,NA,1.03944357534328,NA,NA,NA,NA,NA,NA,NA,1.24564922628166,1.07063732726824,NA,1.45666391894749,1.35597084409606,NA,NA,NA
"1830",NA,NA,NA,NA,NA,NA,NA,NA,NA,NA,NA,NA,NA,NA,0.848069331242575,NA,NA,NA,1.07607692171293,NA,NA,NA,1.18621061810589,1.05955129106583,NA,1.09223350265879,1.08093586939847,NA,NA,NA
"1831",NA,NA,NA,NA,NA,NA,NA,NA,NA,NA,NA,NA,NA,NA,0.677569824681688,NA,NA,NA,1.05696279540761,NA,NA,NA,1.17042281244434,0.737645461261421,NA,1.05101478409902,0.827041578578196,1.27299886110596,1.25821362015155,NA
"1832",NA,NA,NA,NA,NA,NA,NA,NA,NA,NA,NA,NA,NA,NA,1.15487654057879,NA,NA,NA,0.753583572988104,NA,NA,NA,1.22942478312381,0.766972543834551,1.05901762849152,1.0606905526303,1.09139112865725,1.03891779507121,0.850225239902263,NA
"1833",NA,NA,NA,NA,NA,NA,NA,NA,NA,NA,NA,NA,NA,NA,1.29001194338398,NA,NA,NA,1.17382656986238,NA,NA,NA,1.08116760433145,0.742924621097655,1.06281885085663,0.980005854589547,1.23045430696284,1.00819246490363,0.697005110355547,NA
"1834",NA,NA,NA,1.18696509456558,NA,NA,NA,NA,NA,NA,NA,NA,NA,NA,0.956994182637332,NA,NA,NA,1.1491278955727,NA,NA,NA,0.856588566039807,0.650479914542926,0.934466055658151,0.780629138341453,0.816287745967764,0.60150910659473,0.926112718276137,NA
"1835",NA,NA,NA,1.0791477534291,NA,NA,NA,NA,NA,NA,NA,NA,NA,NA,0.616470506487568,NA,NA,NA,1.24828547809861,NA,NA,NA,0.669091829244741,0.676962954314704,1.08521043002147,0.927624948523342,0.660455967595712,0.786457444098238,0.932122664402365,NA
"1836",NA,NA,NA,0.640206796278946,NA,NA,NA,NA,NA,NA,NA,NA,NA,NA,0.456795176652859,NA,NA,NA,1.06541966097744,NA,NA,NA,0.688925154834905,0.961793394556856,0.92871261914192,0.943268387723675,0.652086186784405,0.856852258744047,0.737226112569133,NA
"1837",NA,NA,NA,0.675453419032365,NA,NA,NA,NA,NA,NA,NA,NA,NA,NA,0.489589978256621,NA,NA,NA,0.902712928473141,1.20210785652287,NA,NA,0.826382467766709,0.981830037469122,1.03126010648054,1.10471319911622,1.00571916622404,0.994232861810892,0.8911363731273,NA
"1838",NA,NA,NA,1.16873468193584,NA,NA,NA,NA,NA,NA,NA,NA,NA,NA,0.512047585315095,NA,NA,NA,0.834014322388828,0.997897670979849,NA,NA,1.23977701277941,1.31261684169465,0.965527763736013,1.17808607637023,0.975935272023693,1.19259703576308,0.880328340500968,NA
"1839",NA,NA,NA,1.38620948043868,NA,NA,NA,NA,NA,NA,NA,NA,NA,NA,1.12026748129453,NA,NA,NA,1.02355062651233,1.15027787699594,NA,NA,1.19227538156476,1.43548500708612,0.954876840945278,1.0075627426329,0.735988788421765,0.771460413712619,0.749468432325662,1.00076139713576
"1840",NA,NA,NA,1.11805534169228,NA,NA,NA,NA,NA,NA,NA,NA,NA,NA,1.08795529007031,NA,NA,NA,0.705601881814513,0.910268458559831,NA,NA,0.928037873620697,1.10512643038688,0.847452722736211,0.859216388619498,0.829430733075102,1.05787575408565,0.956854904515863,1.67821799970333
"1841",NA,NA,NA,1.05652767507823,NA,NA,NA,NA,NA,NA,NA,NA,NA,NA,1.31803579612338,NA,NA,NA,0.889468141442689,0.713369682661208,NA,NA,0.586083039856314,0.785510562969358,1.01617646731394,0.836142355738874,0.855246785069526,0.887238430579661,1.56798559498703,1.18614221298955
"1842",NA,NA,NA,0.834733472047267,NA,NA,NA,NA,NA,NA,NA,NA,NA,NA,1.41171059691258,NA,NA,NA,1.01370902811202,0.876468953595057,NA,NA,0.688866516095652,0.802991860152139,1.03470842859063,1.07586079060721,1.08528337557063,1.19000312676591,1.35674375118812,0.81184031877538
"1843",NA,NA,NA,1.2261043488279,NA,NA,0.987592495253482,NA,NA,NA,NA,NA,NA,NA,1.21163177297574,1.16966315421435,NA,NA,1.25600860060647,1.13825264471614,NA,NA,1.01811273086369,1.20184976037413,1.15651499990252,1.15625982100032,1.11757505216175,1.2610721674123,1.36701384356418,0.753224270782132
"1844",NA,NA,NA,1.13703104603433,NA,NA,1.02961537797656,NA,NA,NA,NA,NA,NA,NA,1.29199862681884,0.97775186195394,NA,NA,1.13326154741554,1.10639429402474,NA,NA,0.931639293231758,1.40084426702543,0.837975730418378,0.904962885279644,1.13723525608098,0.917600479938125,1.19709844552247,0.663462958123794
"1845",NA,NA,NA,0.779596905340041,NA,NA,1.06840222774995,NA,NA,NA,NA,NA,NA,NA,1.21803354332795,0.971093482532267,NA,NA,0.90515719013463,1.06849687558089,NA,NA,1.14062845259955,1.40749276906955,0.923148657906853,0.863016768289954,0.862824794427714,0.980633430021361,0.944844480663635,0.57686975287174
"1846",NA,NA,NA,0.925707169449379,NA,NA,0.796842156039077,NA,NA,NA,0.84683857564726,NA,NA,NA,0.993122138502628,0.949003952396912,NA,NA,1.07611210324434,1.00110467482569,NA,NA,1.11038802948304,1.07385412270461,0.984344629427135,0.895696739171133,1.01333812851054,0.928662781115672,0.897874025721277,1.15106998355858
"1847",NA,NA,NA,1.46412629876867,NA,NA,1.12799385011491,NA,NA,NA,1.3030449897383,NA,NA,NA,1.13074645588829,1.33197803406627,NA,NA,1.01983557477532,1.09181896888788,NA,NA,1.49374177557871,1.44324805578995,1.31551615499574,1.20265913073604,1.49631365115647,1.36549076235376,1.29285702649299,1.32296708078859
"1848",NA,NA,NA,1.30085807167474,NA,NA,0.960267723918841,1.18247672272435,NA,NA,1.00027029077021,NA,NA,NA,0.9573308350513,1.10081837223437,NA,NA,0.63651368865407,0.897052923427485,NA,NA,1.00964954776484,0.879021621520904,0.919962264315224,0.894596521969895,1.07413290014062,1.14806416031684,1.07421918327079,1.11132835575115
"1849",NA,NA,NA,1.25966917652891,NA,NA,0.886948805386615,0.944131271806108,NA,NA,0.915464830205233,NA,NA,NA,0.759870190905262,0.679775114265354,NA,NA,0.597293760222805,0.764607051840234,NA,NA,0.891761352673467,0.792398243031849,0.916469053334914,0.874084346311781,1.40097710884102,1.00779544810082,0.910350059812961,0.789694595944335
"1850",NA,NA,NA,0.156735734603543,NA,NA,1.1149133967808,1.00417127771946,NA,NA,1.18530821527795,NA,NA,NA,0.718082025584338,0.590433007568429,NA,NA,0.810344092839838,0.829918908019382,NA,NA,0.875062894606352,0.796763031704602,0.960875018653122,0.900646215493714,1.21344258188129,0.874062399967891,0.659745952252473,0.47068698434945
"1851",NA,NA,NA,0.248478703277024,NA,NA,0.950459865302465,0.889740589961645,NA,NA,1.0104656355433,NA,NA,NA,0.764176702994995,0.606571644059681,NA,NA,0.819079001119528,0.91648299877182,NA,NA,0.903734053112965,0.728733312778137,0.890600418288328,0.824396045077911,0.919873178816731,0.740497189280654,0.502581263986444,0.538519385421082
"1852",NA,NA,NA,0.17240694703052,NA,NA,0.645930531116419,0.692630417844881,NA,NA,0.683335937644449,NA,NA,NA,0.674008606507982,0.680423602129992,NA,NA,0.630983827746406,0.695987990093416,NA,NA,0.56588329976058,0.600958768813805,0.960935074549225,0.816624766122018,0.703832234664058,0.765588300749679,0.580452900678523,0.491471262056785
"1853",NA,NA,NA,0.480820662000085,NA,NA,0.830301545275012,0.924454149312804,NA,NA,0.6007168489098,NA,NA,0.826193469772117,0.806494445347737,0.758144595069358,NA,NA,0.732503780980677,0.828563237129712,NA,NA,0.803069555795934,0.840457613250682,1.11409339287738,1.03157288246099,0.685511414485558,0.818502029355412,0.706409006633592,0.769921993467121
"1854",NA,NA,NA,0.523362280240451,NA,NA,1.36889435259195,0.836043608812166,NA,NA,0.837753397357616,NA,NA,1.14123371389244,1.19521936787796,1.52499936657481,NA,NA,1.05291415905522,0.946653521597005,NA,NA,0.928120486629672,1.24338034056731,1.12628587594096,0.809713389347272,0.814464396289481,1.05660931594417,0.8493395433406,1.07932542849503
"1855",NA,NA,NA,0.987701100841242,NA,NA,1.07321372735991,0.879927449977236,NA,NA,1.37542721421622,NA,NA,0.819780966683819,1.04222039812726,1.32264418975669,NA,NA,1.15143493870859,1.06849144280907,NA,NA,0.952607785979128,1.01892699846626,1.10530808179908,1.2706055596529,1.24154475411429,1.28196472601247,1.27723619484231,1.18836755742858
"1856",NA,NA,NA,1.01994075861314,NA,NA,0.977487149801217,1.18931803337072,NA,NA,1.50851548310299,NA,1.02964538375582,0.803521337293952,0.978521074515624,1.25630653342437,NA,NA,1.35544735779463,1.18050201068811,NA,NA,1.01105311670306,0.717763234254122,0.865118216992798,1.1609442310335,1.08697025875935,1.20600745734679,1.40633397235917,1.45081421989927
"1857",NA,NA,NA,1.1625096259966,NA,NA,0.806173943914595,0.9600361593707,NA,NA,1.22802613507993,0.954681385078734,0.936209597685521,1.21067527789899,1.11057056782278,1.09916906995323,NA,NA,1.03946088028439,1.07151897445874,NA,NA,1.08228073423417,0.814266300969814,0.985764372089029,1.22390006386484,0.995652394997506,1.21044822063912,1.03923676806033,1.32584334327314
"1858",NA,NA,NA,1.05651211555718,NA,NA,1.50085864634668,1.25788440570439,NA,NA,0.773414636955276,0.687161180215387,1.2252204621376,1.31706792065054,1.36086800379816,1.20470149100529,NA,NA,1.58215237445567,1.47083770214554,NA,0.637857858040705,1.4523161828469,1.31460592828517,0.945983754762483,1.10768180654692,0.888744137673117,1.01499131283106,1.34965824080248,1.37955916023466
"1859",NA,NA,NA,1.4959308080699,NA,NA,1.37654429771877,0.920408732319357,NA,NA,1.09764162827427,0.487988851845712,1.18437618531103,0.930538740157473,1.06785786043528,1.08398516638756,NA,NA,1.13568327411075,1.2992431080136,NA,0.915327499797757,1.19097354666717,0.832187884035649,1.18135822404437,1.08255676697848,1.13295939909267,0.933396423630764,1.20452509337542,1.44822559170517
"1860",NA,NA,NA,1.72122266279442,NA,NA,1.15000679802502,1.08700130859035,NA,NA,1.05712179737886,1.1222546670993,1.02217864634775,1.07525951378881,0.957895031203882,1.05211574844725,NA,NA,1.21085145382695,1.16567337347377,NA,1.21307401644802,1.19531116419968,1.1980586429353,0.894931972628643,1.03275624980059,0.920981278075178,0.773259799811238,0.982684842137305,1.1485969562679
"1861",NA,NA,NA,1.33034621642439,NA,NA,1.0411447070234,1.29905822478912,NA,NA,0.907264070149961,0.897923730493358,0.870051487817667,1.08254354663927,0.910592036428666,0.84409609962684,NA,NA,1.13738324807724,1.30381169495929,NA,1.15403809246338,0.943792910744195,0.984332003110968,0.835435765222429,0.918763012899742,0.858738283258367,0.89656019049793,1.03255510184838,0.998928263272895
"1862",NA,NA,NA,0.990937615776987,NA,NA,0.849810068376148,1.11209872708557,NA,NA,0.775440946261036,1.1800047259867,0.7984457769908,0.891286931259302,0.813816958179564,0.836615950184413,NA,NA,1.12805004244712,0.879386921660117,NA,0.972885278351503,1.10547744908348,0.916348429963614,1.00456814626877,0.902374607915655,0.651190890889107,0.714988938585101,0.948556718633863,0.945103197961697
"1863",NA,NA,NA,1.13478225389621,NA,NA,0.978127915705398,1.1470273898742,NA,NA,0.699200398087745,1.09257631279097,0.942704987663328,1.00032892451973,1.14916623674876,0.962285563554445,NA,NA,0.749100231876215,0.84939557868636,1.33242806615873,1.30459696783025,1.06242386970734,0.984527107731308,0.988769387750941,0.976283655962463,0.997596212546356,1.05232239889384,0.879753080128924,0.807342273516942
"1864",NA,NA,NA,0.197792080600112,NA,NA,0.81535197247987,1.07965750998841,NA,NA,0.798228178656453,1.30010930200328,1.02227145157376,1.303826209938,1.00739971649573,0.982257177288425,NA,NA,0.763303778580724,0.30646362033452,0.774061528340921,0.913508072656613,0.921064625197204,0.784125803980204,0.882427619733919,0.891218383550333,0.959255154701005,0.835896163543035,0.890862154535408,0.977192780254196
"1865",NA,NA,NA,1.08978778131959,1.20053184414971,NA,0.839762233928338,1.01102502730177,NA,NA,1.05507217240534,1.49582252560143,0.8591925470144,0.925330437316811,1.06317596483185,1.03901444201917,NA,NA,1.01521273681996,1.06959831313164,1.14663923532786,1.2134463608189,0.996057662663171,1.11596311684945,1.22169177866208,1.22541898240213,1.13485060911058,1.24006132464608,0.871215730704776,1.0568658323967
"1866",NA,NA,NA,0.986858083691833,0.886376117760091,NA,0.938271180341313,1.16986277310152,NA,NA,1.17929410635289,1.240947533362,1.02802815810011,0.997146960668157,1.4678177586852,1.32165189173577,NA,NA,1.18653901009647,1.11905839072982,0.87941135921552,1.09992043295309,0.845097720108251,1.07034371341719,1.20402376208013,1.09666224993005,1.47155306798239,1.47732697522661,1.28694151981719,1.12533293722396
"1867",NA,NA,0.863500901829774,0.707540962797681,0.649586233492108,NA,0.792152100499997,0.973590981205836,NA,NA,0.850382093004103,1.03969533798799,0.769277128831128,1.0933393703631,1.12652306918922,0.951999486215651,NA,NA,1.0011953670692,0.92305897464615,0.842336947356873,0.826075447063099,0.79626303597462,1.12344891623443,0.99317994957395,0.925343029400053,1.1020574926904,0.961780879568774,0.963960961956737,0.991537930641995
"1868",NA,NA,1.03146689082323,1.23079949837722,1.02414079494777,NA,0.884797984511798,1.00169122500289,NA,NA,1.03314369106225,0.97382950020407,0.874580748797055,0.82003594499666,1.30212557362249,0.934602020690868,NA,NA,1.05220422106493,1.29265206783799,1.0549742955905,0.999673317853512,1.04685965816646,1.10112605610504,0.937817565776337,0.936462558312228,1.07905336051154,1.31099139366411,1.13462034111082,0.772832242495358
"1869",NA,NA,1.08520696811446,1.34282904407725,0.867711818731455,NA,1.02558983686011,1.22424687926446,NA,NA,1.0966847340345,1.42048197151677,1.53114813217586,1.37468809031405,1.24273731435029,1.00593920217754,NA,NA,1.19883054455846,1.33242813336389,1.15622989459796,1.07503125865405,1.45146497911855,1.34339178571527,1.17192499570223,1.15980340295129,1.1004431302893,1.11783990302177,1.05883235705948,0.930451447281907
"1870",NA,NA,0.809861299514338,0.940194039087531,1.17229456753125,NA,0.881093666728128,0.702396830069477,NA,NA,0.944685152227864,0.921196107167441,0.814374650353383,0.754020460480501,0.68980891194516,0.700325270099756,NA,NA,1.14888380726145,0.972474747725558,1.20327270995431,1.00571899337559,0.954402212968294,0.994055182209737,0.828724604459369,0.941737279350372,0.936238183221961,1.08054418189292,0.997492632309145,0.842561979355996
"1871",NA,NA,0.948401951014739,0.870441588612815,0.865070260805346,NA,0.857174269219988,0.582630238925218,NA,NA,0.97310249055273,0.891550383299913,1.1684616675132,0.957457231093403,0.556154738822838,0.565307431520868,NA,NA,1.00124579341327,0.589041805579501,0.613906793273697,0.592367776324229,0.87868540966571,1.11718766043049,1.05731733253974,0.899878696917179,0.899400896505145,0.835389690858551,0.743186212575801,0.608530765277967
"1872",NA,NA,1.93560807209444,1.97472348433217,1.11504541855935,NA,1.11312501871528,0.909845376620905,NA,NA,1.09985931552988,0.785600487150498,1.14721560898132,1.01317702379184,0.746384105014096,0.944423142111094,NA,NA,1.14615098112825,0.997968880273058,1.54384973066904,1.50380741519201,1.04257865890171,1.171852975881,1.13316635954716,1.04475088580116,0.968156099600421,1.15311482394839,1.13303915880939,0.969758161602838
"1873",NA,NA,1.24880962553678,1.25068115626225,1.05736416071759,NA,1.03913189911403,0.860353192763648,NA,NA,1.09224974782922,0.59682707913014,1.15538230628831,0.766181597758913,0.587217215363507,1.20546997825888,NA,NA,0.92448182296153,0.651575489079613,1.04949124499222,1.22576116532999,1.01157768435937,1.00931875312809,0.907391662593285,0.988626592372194,1.08786922310066,0.91068610421211,1.02604529667943,1.20746311137305
"1874",NA,NA,0.526281799831377,0.499141343160766,0.869974506299657,0.822989660534311,1.06944120143545,0.73832641628384,NA,NA,0.92287442913667,0.537178942635933,0.464592508212896,0.455280558773401,0.831606666673598,0.815042737506506,NA,NA,0.386529181687338,0.88408870557264,0.819477992315964,1.24862723418699,0.917952873838532,0.792322470602005,0.753613263161763,0.797487005234604,0.683432833767499,0.697313511553137,0.866935723611799,0.868285036490053
"1875",NA,NA,0.800066962323001,0.987095427723625,1.19065295431793,1.01214390710014,1.00587318310526,0.973014431604011,NA,NA,1.15412037913638,1.20610403075383,0.815485976605892,0.973265047379157,1.380268590539,1.34900418160299,NA,NA,0.526887478935814,0.962402968966905,0.386241638584715,0.537385129209534,0.955720244095665,0.923091007659925,0.92798504967765,0.905773930043341,1.14023691594663,0.751534344335937,0.914811376842666,1.1219581894447
"1876",NA,NA,1.06598268857509,1.01920990862718,1.17691025430652,1.29989894917624,0.859483167892396,0.949014167626302,NA,NA,1.14125203150147,0.844535406830266,0.684611314778931,0.790877320448078,1.1404226893176,1.1106555509555,NA,NA,0.808775097939697,1.04744343404633,0.53923798136373,0.511934795645823,0.890294523897033,1.04258460292758,1.08875311710931,1.24984886895986,1.12102573699959,0.70570726363668,0.998451169321319,1.07523666105685
"1877",NA,NA,0.80294154258205,0.877899187272728,1.46982161285071,1.17784367814807,1.03182766010085,0.970068740791889,NA,NA,1.01381803177019,1.13597220603622,0.957473037490652,0.772171275306283,0.915143861357882,0.923599148678846,NA,NA,0.728922300059854,0.982320939267051,0.784556148066974,1.00571541432483,1.09913119665428,1.12822084014043,1.23030472904511,1.33270270002314,1.16094465439803,0.869383026359308,1.17559334413542,1.24433977216162
"1878",NA,NA,0.675119447940482,0.765869518201166,1.32456797361167,1.11288164472117,0.966044633519898,1.00024373833204,NA,NA,1.13746055921488,0.901621708159319,1.05987183434353,1.07365642130968,1.03493281711717,0.976873091559126,NA,NA,0.909066425400233,1.41717510168204,0.891137276223852,0.835062364523819,0.997022518922845,0.891828544204441,0.941662951684399,0.827604305133815,0.932575591928531,0.893887319820843,0.751135210759266,0.918087975972581
"1879",NA,NA,0.677294228352794,0.488232586077485,0.973970437954619,1.06714786427696,0.900595762114504,0.875310041464765,NA,NA,0.656149135256816,0.622471413906819,0.951440476131358,0.839927539028837,0.888294262502592,1.16178740910565,NA,NA,1.024958228625,1.29632480008953,0.735889559978346,0.682703097986563,0.668011267674804,0.75640188596067,0.940028257876636,0.761576988083103,0.855560135161265,0.790235171816985,0.86396321402964,0.882299618594616
"1880",NA,NA,1.00831247735188,0.604220237597476,0.817998184145594,1.09496533976912,1.02990197749104,0.941666077147666,NA,NA,0.803867246109574,0.727625921884896,0.973537807838013,0.924518338845366,0.793372745105449,0.765289109946955,NA,NA,0.94777410264175,0.993303675786846,1.01879636442273,0.538174842272927,0.860901272597892,0.887233231985149,0.936855137467836,0.72790065820191,0.951235980179513,0.905344151329853,0.948662407227442,0.980320986583854
"1881",NA,NA,0.931314275146906,0.731699993376487,0.796757504964737,0.872743322062178,1.13213398448359,0.958916614141362,NA,NA,0.902954631165231,0.963099586505638,0.872238869512235,0.997156361812034,0.882979771708347,1.06077370260429,NA,NA,0.957789116923348,1.04551140424727,0.954211235321915,0.830653313340774,0.749936573669117,0.79337975165914,0.917868105370662,0.821875281265473,0.913491008822607,0.812518403421068,0.807000494602457,0.957476703037413
"1882",NA,NA,0.858379983948301,0.883218632089907,0.543993873615033,0.484021824311399,0.922227431062359,0.744385389622222,NA,NA,0.906200614121418,1.2635035026067,0.809053982215696,0.879075981686589,0.815260148794566,0.845225019909175,NA,NA,0.701392628584267,0.735810313349414,0.65341293676206,0.643609624086461,0.752583092939711,0.818439011393044,0.672374895117286,0.732701530311888,0.763284966776597,0.77098648186652,0.696035354503543,0.756270261674753
"1883",NA,NA,1.21786064026803,1.37917433973965,0.938433351062871,0.960978638304715,1.25259010059675,1.18323325155161,NA,NA,1.21002452397275,1.35914849302598,1.25175567823272,1.09268309035251,0.787334464605599,1.09668926697475,NA,NA,1.06485964118006,0.805245760347121,1.27110751275382,0.885957879973182,0.876986039497324,0.793299507323061,1.27058419262125,1.21726158955245,0.992372858005671,0.962815259362678,1.19757011294778,1.16644213526319
"1884",NA,NA,1.43208135629857,1.27877538909558,0.891829385239586,0.7800744401447,1.18287209516722,1.07061862580923,NA,NA,0.998222857978504,1.04696318941653,1.23327785371388,1.23667208033111,0.89009831369496,1.04411636659888,NA,NA,1.04339464194466,0.821165797867556,1.21144920289446,1.33392408985944,0.906092117536067,1.15172764882056,0.901840401984702,1.02457954006865,1.06308520564819,1.5390496453111,1.01470166931565,0.862124194503729
"1885",NA,NA,1.40942049401503,1.24881127357086,0.886374821277059,0.86265321003076,1.19124838487369,1.39596649730013,NA,NA,1.04339876600667,1.01225494831706,1.42972092668297,1.36492778053353,1.08309874245781,1.20413553318085,NA,NA,1.35982588423817,1.19895490379898,1.18523307749281,1.45273172854192,1.31817619536256,1.00237193709913,1.10627225998624,1.14749345799643,0.949649903298356,1.19922295290442,1.03770090570672,0.968500485166525
"1886",NA,NA,1.00554130794833,0.960697698676822,0.642286402081868,0.71966560285307,0.961692481705257,0.994704742645937,NA,NA,0.780204471218927,0.814438855091173,0.903207597348135,0.949450189503889,0.883690505165569,1.03238033219506,NA,NA,0.687285293142686,0.937144819112844,0.980388329137765,1.27626664866165,1.17987662778935,1.08503001018397,0.864340298447623,0.852251585950147,0.781192080089962,0.918823855499154,0.739768876678571,0.790862283209979
"1887",NA,NA,0.790163937542001,0.887127979903777,0.995631705496917,1.03768852135966,0.935560035405649,1.03015921136633,NA,NA,1.10706943462856,1.37689428350345,1.22703705735819,1.34616022511983,1.08126856254428,1.13763105091469,NA,NA,0.925583291104032,1.11636865364769,1.23446537425154,1.11822762145506,1.29771789227451,0.988061336543192,1.02795254717074,1.17419456924254,0.96519766951342,0.984118879162373,0.830704121328331,0.881311865374911
"1888",NA,NA,0.772680118927327,0.924367819346011,1.11114329348965,1.11886313454201,1.00066380099723,1.20958588649168,NA,NA,1.0998219853217,1.14107084715523,1.00108093387233,1.13489194273069,1.14131109239013,1.27308353788233,1.18638354298677,NA,1.32948175711495,0.888749095600237,1.29166914888072,1.27119519159177,1.04161819147371,1.12368694643015,1.1554625095371,1.23993533907895,1.04575823848858,1.17606236465794,1.2008089787951,1.18559941709221
"1889",NA,NA,1.121094663665,1.2760320256961,0.983951423234828,1.1035357851712,0.96918807368672,1.10504414481362,NA,NA,1.16008927398239,1.0974288368352,1.00420225269975,1.0730580255803,1.03453422296751,1.06643526783857,1.09018309893949,NA,1.0267195791698,0.724941565987819,1.13502038067149,1.04145992850094,1.31688553586957,1.03477469561622,1.20834530770077,1.15480848182235,1.22599402750264,1.12275104772082,1.24340120421553,1.19806967134906
"1890",NA,NA,1.29864627147129,1.29708908848634,1.36538145765828,1.4898259746993,0.827301825007009,0.947300302349207,NA,NA,1.12179283433177,1.08733786825036,1.00873647413443,0.893659290964711,1.32548872154407,1.24182978065364,1.0703310076476,NA,0.931653212613471,0.794775473768882,1.38070563178018,1.20004183694756,0.970811113129016,1.00320879311718,1.06837573889482,0.97887641756559,1.17208190228985,1.11910533835661,1.05936173047774,1.04716535156227
"1891",NA,NA,0.788907924875507,1.08095825682889,0.964027690593956,1.05599466914603,0.823900186005535,1.04004963562965,NA,NA,0.887725489960352,0.788861983531497,1.06347650093894,1.02848854272979,1.37627565282741,1.09974097851005,0.885437068731832,NA,0.689178326843187,0.676776324799669,0.974073185833104,1.13159915468175,0.958129337753571,0.993637479725963,1.12407673457,1.13079563199005,1.05754212395952,1.02878223137748,1.00133082948954,0.968963852375004
"1892",NA,NA,1.06597248163864,1.13516577829164,1.40370827892224,1.17800521344592,1.09798733321549,1.14898395491309,NA,NA,1.13616555951045,1.10375264961241,0.901542180611795,0.879146350123733,1.02661007377885,0.791548069526024,0.712534489323648,NA,1.34937999107652,0.976132952096914,1.15522137439295,1.34735733362367,1.10342555911555,0.960426996465687,0.966776410610782,1.07696966419505,1.04363664748702,1.0845670455382,1.32123240343584,1.13252411780902
"1893",NA,1.10109502269307,1.13877484189953,1.3582239526921,1.27753848530109,1.30451865541343,0.933711913744527,1.03118068243134,NA,NA,1.21806998221235,0.975623162679239,1.17069413600617,1.14908686097529,1.05686804702785,0.571172244241256,0.654534562428609,NA,1.02074874684488,1.26658659973007,0.847566859160178,0.951325410191112,0.905953144885967,0.938098798281676,0.994344647532444,0.894305078113106,0.929249676236293,1.02427731626427,0.982084247542097,1.06523957882085
"1894",NA,0.87338149204317,0.948439096363905,1.05888964950162,0.958391084215819,0.92325056875875,1.14597216159571,1.06151862478541,NA,NA,0.875566356206689,0.839211880402413,0.858044768587795,1.17824862699056,0.922984977745834,0.719663444999571,0.917198232379764,NA,0.863473480472723,1.32702490451635,0.902440851178072,0.946405511157373,1.09387354113275,1.01480762815641,0.87994122627038,0.932623846442425,1.03382822491883,0.84828785776487,0.949390593649805,1.02887057250785
"1895",NA,0.771461338238981,0.828826380783682,0.909771522178779,0.712296435322845,0.803207832169185,0.92387803367263,0.988334028947391,NA,NA,0.950297234160674,0.740338772383862,0.886374538275856,0.808500914473459,1.08059187217831,0.730563931502119,0.978072647913935,NA,0.767157152359621,1.13203280347661,0.690934403279793,0.695115007328021,0.987859094617991,0.893073193734575,0.947794702826512,1.05902424655622,1.0077438096755,0.98978997134669,1.07933852261201,1.03252243750186
"1896",NA,0.784596594611946,0.636493704972733,0.727357417314725,0.573156429810327,0.680946282403423,0.812104126200052,0.761644153911095,NA,NA,0.96920968412204,0.721516327595012,0.791464449132221,0.787023688189928,0.922528767115899,0.802055214443249,1.0651270294866,NA,1.1215984400407,1.05308383496997,0.874654528792364,0.598593771717633,0.941396757176838,1.19365883793783,0.793890514204821,0.911383593667025,1.01023283819903,0.909235696175539,0.98835615140285,1.22192178442365
"1897",NA,0.596622599239424,0.71437669185304,0.818998083292182,0.647574909492488,0.851713610372437,0.923872749605044,0.784417061609315,NA,NA,0.653804135564987,0.785427395199524,0.892426373063196,0.925679697138027,1.00209187518222,0.918905118131107,1.00148697443326,NA,0.957696406378399,1.13249392778599,0.586327475232909,0.633722846964701,0.849422500779816,0.79668583065605,0.878962154912948,0.791289274172699,0.67095047254008,0.885587911228647,0.837609525306248,0.893831431282325
"1898",NA,0.917025200432827,0.955697581204766,0.741313373168432,0.988270371710565,1.05860612324377,0.91082340555455,0.843312444167957,0.943329346100384,NA,0.896153194673718,0.626003574540516,0.818112681638279,0.961500613965845,1.01165014177928,0.980236213561873,1.0382244487821,NA,1.38992796543444,1.16994198431883,0.834841323776791,0.70670250625968,0.842023547615993,0.850492111705338,0.830638282540049,0.835114533623844,1.0300828606313,0.813970205079405,0.848802081322982,0.95523622810693
"1899",NA,1.46630981330592,1.22248635822202,1.25874108831426,1.83900787842258,1.11691639298321,1.43936545155944,0.933682345563084,1.26460369650184,NA,1.5962136701246,1.21469065648977,1.47899490320721,1.24541878721796,0.945231462985787,0.925487938667318,1.422889234057,NA,1.61322935184679,1.3848345658515,1.24397451882547,1.01913232951062,1.07129935107658,1.23648698550397,1.2905198186317,1.08140658240211,1.06632193251431,1.10927078602769,0.982174591423349,0.995390627461309
"1900",NA,1.25226828144717,0.999975902314378,0.888113761664174,0.902455246257457,0.741015019093481,1.17619045536499,0.883797251019905,1.03056019305084,NA,0.86286086526481,1.49040838314328,1.01333638803639,0.801531301992011,0.915841195848255,0.770266909122837,1.06059127716889,NA,1.00334726330431,0.956335237712633,1.07039339894751,1.26446506985102,0.943553112253139,0.957980676526406,0.846100490437251,0.968774279212055,0.809180326743368,0.849465714427742,1.07668430278888,0.7772959574758
"1901",NA,1.32100990960841,1.16985841302537,0.620121110990652,1.1848559985286,1.12003369720081,1.36717390857279,1.10318518994839,0.960603628116712,NA,0.841328055448573,1.46132795598169,0.979721915946498,1.01426608500428,1.03849297372052,1.14591348740603,1.22139813429118,1.35828495146361,1.14920948889241,1.02327033748295,1.32576831068749,1.18070182378428,1.06722606931021,1.14620617467949,1.21950788283031,1.12025499981751,1.05965006700868,1.14968272646252,1.21435050747781,1.08709972708927
"1902",NA,0.767142767639811,0.994450661251409,0.888556742286683,0.797084961399772,0.921188571604022,1.00706394642517,0.919306202570732,1.04356814410357,NA,0.918099511147133,0.94330160655846,1.14714508083441,0.958441932442593,1.04126820276874,1.0298911862073,1.29976117878428,1.0401660116106,1.36027131185624,0.917978941269602,1.42365565217924,1.17130717675802,1.04831334432626,0.947928297945866,0.978640615771818,1.00301867394993,1.06532138268056,1.08751330192059,1.02699641513025,0.934147159034203
"1903",NA,0.826289201274088,0.915176286678482,0.783642196859886,0.844138939701283,0.624937831116024,0.886284331134781,0.796623851130054,0.822445694653156,NA,0.66361131814575,0.654566671447498,0.907127724207412,0.901338134298636,0.679245388832645,0.741157146246134,0.815909820786032,0.644545693962822,0.728212284707795,0.726723341994454,1.01692841148339,0.858380422887844,0.87400097658233,1.08911862668802,0.869706847861793,0.834929734128654,0.889737688884484,0.944697134420939,0.776493741485906,0.856565453587207
"1904",NA,1.19914131782555,0.997853288023907,0.98148642203642,1.29514660547869,1.06487826379069,1.03363917008193,1.22112936766308,1.12830311777322,NA,1.08888334215004,1.21553210482353,1.32903356394119,1.48419318959553,0.922916677796233,1.17316073879664,1.25543395906513,0.846558758847737,0.843490964993287,0.780239072210863,0.990272124393483,1.11004806234876,1.04215091220307,1.16205028918535,1.15702797290221,1.17203855734549,1.08702530068054,1.05114288641178,1.19176994360029,1.06668146687526
"1905",NA,1.11679215743036,0.991759209773109,0.792231431206853,0.981054189730151,1.00884311736939,0.713874456169802,0.983862691596237,0.86756655866034,NA,1.08973513365376,0.943209143437959,1.03043613288177,0.979720046175537,1.11567988859899,1.05237247032853,0.799854927541216,0.575697242151463,0.580506390849724,0.941632285416453,1.11762630190256,0.921077487780746,0.984027038577975,1.10567176163392,1.12103083194241,1.21702150056946,1.07709384444018,0.985402051846373,1.03631803858231,1.06556984265614
"1906",NA,1.14510373612984,1.05578866223126,1.14635312798949,0.924129596822753,0.753438219978169,0.96320190575348,1.25734496076517,1.03255402850377,NA,1.17825201949334,1.38749741584765,0.985660761514736,1.14771717125652,1.0783091458434,1.40765946419187,1.15853821330535,0.885610007923098,0.804600355412166,0.804957019911708,1.18427387776634,1.14869215817698,0.799814663206517,0.927892102756957,1.04718803168654,1.19860313693037,1.12207813965138,1.08586255476608,1.07153015457634,0.976658828608899
"1907",NA,1.08535023457121,1.1577647253621,1.28419268263533,0.909341343273475,1.08396741594868,1.00668851329192,1.24074105627135,0.88216246782281,NA,0.97420395719063,0.987818779856479,0.786839951368122,0.751891832433132,1.2039754019302,0.964405541675719,0.771694105023466,0.97333565821887,0.970708846626965,1.06094400029833,1.10219915272075,1.10874665428839,1.2843311681813,0.967857978662928,1.05420362241453,1.03808834219581,1.15092927570223,1.07906830083572,1.03313494758605,1.00855109458653
"1908",NA,1.19000424114589,0.905985334721735,0.995175156266639,1.03421318244777,1.19892592980943,0.85934314942521,1.034646070392,1.02733160554775,NA,1.23540622174146,1.07802758684797,1.14931727201127,1.00409826671873,1.03224643965069,1.28140616691583,0.950540291590924,1.45577478590709,0.945761403210227,1.13736660756039,1.05158276116647,0.996201364878555,1.21941782347689,1.02112488902707,1.20126513886199,1.14970891103045,1.17278897285947,1.21232220742433,1.16044548973043,1.21246325729005
"1909",NA,1.08266830093755,0.951641708319557,1.04747626174986,0.803684900094953,1.04876445662781,0.864914870233254,1.04672696033878,1.00102881890667,NA,1.05483959278509,0.941952292186263,0.767423586844843,0.762720528132722,0.908805276275237,1.01322657336162,0.594423627643708,0.967797568518234,1.03287244952845,1.06064642504841,1.01132953734625,0.945196771758106,1.03523586748875,1.04550451262127,0.728798247727019,0.730386601478099,0.960458201555145,0.86885007911201,0.854372015858707,0.97581195511896
"1910",NA,0.966459285139979,1.48728772376023,1.07378365675432,0.855731225208217,1.12626644586435,1.00878161043127,1.00908092542359,0.823068126876843,NA,0.887228469146834,0.736973475174791,0.881360389464777,0.914265332624403,1.06517197814588,1.03405647931365,0.667721144957278,1.14516704548455,1.01067280653001,0.93177666479038,0.945916823497055,1.02181358363478,0.999694330920633,1.14790963427563,0.890344310318451,0.818901173269377,0.836964842294662,1.08091788900163,1.02944846450819,0.906937682649781
"1911",NA,0.859772048619789,1.05053861371775,0.904573295256981,1.01840680835861,1.17019144992057,1.09464060570556,1.15878372159304,0.986868987513231,NA,1.05212643559038,0.830908053215986,0.915535851869629,1.0100032017847,0.955656806766097,1.00120632241702,0.928327213079907,0.918960883091955,0.887162832371176,0.876756005292698,0.972300162836674,1.04117411955693,0.938117928740833,0.924557445866365,1.02471643554282,0.871479753295735,1.05371058181777,0.940759206721141,0.872679873933383,0.901899200370847
"1912",NA,0.991993704882274,0.846555284017511,1.07985884108642,1.36736172738178,1.13434209712679,0.688028865497497,0.884637248730403,0.98604674312677,NA,1.0005038674703,0.818010601597406,1.03286303164947,1.07722116048807,1.02702886692942,0.989509263951122,0.957553138484681,1.00678098443845,0.901984692065556,1.03912712407856,0.733731140523924,0.841196669764165,0.964428799184708,0.906764988576591,1.02838249604008,0.886160142473161,0.878552131435347,0.855758703492887,1.02902577314466,0.963978998334722
"1913",NA,0.672111178709855,0.746774621534872,0.894971988314689,0.749620581451055,0.700699884057146,0.722724180138054,0.699886978009201,0.781456288867434,NA,0.982322852574693,0.884657315418905,0.868704135090955,0.811951949960867,0.794288605920354,0.848646781625138,0.97416368231314,0.674338365827551,0.90710239386684,0.806237032380794,0.762763343178632,0.74691246487999,0.746435613407951,0.808528584682638,0.755797610200835,0.684249840071356,0.894694035158598,1.00036319603304,0.864697489784873,0.806974124926048
"1914",NA,0.789539154633222,1.01963614525802,1.03890592842795,1.0759277074157,1.16308186836289,0.767878369029989,0.883726629228572,0.895779124514231,NA,1.0696928996324,1.48781386946641,0.889800086332805,1.02487237654558,0.850254818263086,0.98868880772569,0.931832353297917,0.950362299979348,1.04356656429815,1.09628820241418,0.709211844178301,0.802370955196433,0.966921090404807,0.949720959202382,1.16237878818526,1.02993488279371,0.953780182569431,0.90571942772712,0.974091897243357,0.880421582339229
"1915",NA,0.918371612062441,0.890533408994849,1.02506487743271,0.839044059988186,1.18830048933653,0.927098111883017,0.836463446394894,0.877132581292238,NA,1.01597907271176,1.2363748187215,1.03612669326799,1.19097625492379,0.945797760352006,0.947823415038781,1.03249981446913,0.84078953895496,0.951158759441496,1.09419514567959,0.817780132099154,1.1918425639066,1.00444083996524,1.01276743870635,0.994887912495698,1.03485676882842,0.83061674290962,1.19418825873601,0.936631361612877,0.963637214862309
"1916",NA,0.915094155806747,0.842507228722229,0.82406200533046,0.797354681527827,0.933410962550214,0.932889584636053,1.08740968176797,0.922065544564647,NA,0.850134968508516,1.0207719459427,1.21446078699841,1.03973033271365,1.01447968752651,1.06559295709928,0.953444787147165,1.20852628327755,0.919488500806894,1.02188480680846,0.929667647439007,1.06448413445702,0.795517516659928,0.981651879219133,1.02801277752064,1.05502505172605,0.966871892325959,0.981133833309926,0.95877010431147,0.823203780360393
"1917",NA,1.10106891643953,1.23056507076855,1.16768506440231,0.83772276857956,1.03517746695121,1.15324257878218,1.07462609071242,1.41590462357594,NA,1.0587573665733,0.933065598196033,0.950767697789732,0.886508262871166,1.10448273207726,1.25866194021835,1.20404892922626,1.95286325871209,1.08778480807293,1.02595360751538,0.939681326752831,1.30714377533266,1.10916399635203,0.88823038850112,0.996559237594355,1.05583885967283,0.973631730448053,1.09782975327686,0.916734766335982,0.924580943284945
"1918",NA,1.05323565443906,1.09823711020027,1.17803744098536,1.26932057663885,1.07258193021492,1.14412481482226,1.14778419062767,1.22842848494452,NA,1.03692139586397,0.803789140240451,1.02149834399966,1.11709024309573,1.10166892168594,1.10336055592079,1.04285563462486,1.1680829574218,1.03090132043413,0.967399501697176,1.00782531299664,0.970212550122225,1.13433383253133,1.08823095865851,0.953446781818913,0.995030083324072,1.15337554134325,0.950222567072798,0.960978610073754,1.07564883443931
"1919",NA,1.05571768114173,0.89159966145098,0.832649599101799,1.00086804616357,1.20609795283053,1.02189862331097,1.0106833282063,1.1244612091552,NA,0.735774767112476,1.01131337202036,0.962211713264645,0.962898623141082,0.773222134276409,0.85190045808378,1.04274717675504,1.11918560797302,1.21045267845336,1.29304069860519,0.966890769777798,0.996601223074757,0.945645866152033,1.03079457366953,0.898404997890061,0.926171583885061,1.05050415816935,0.944920399067775,0.940829561199976,1.14674002133854
"1920",NA,1.1325497705816,1.24476736301807,1.11460141309177,0.786452577876061,1.252505217333,1.21622678682866,1.12085446916537,1.01418521445059,NA,1.25720248318767,1.12676393933219,0.994007761754175,1.06499069260845,1.00870768344032,0.961741942268805,1.35622011058027,1.49258996717444,1.28624758633396,1.16239805752666,1.09698073443522,1.08852024380413,1.12050024478077,1.02265341428534,1.05808829597752,1.18146703102953,1.13908918047998,1.05676243934326,1.07276034976059,1.09298221106286
"1921",NA,0.915977948142673,0.790320367298195,0.925633843558151,0.803462842682664,0.668267209537927,1.20777983652067,1.050423257854,0.924925703268925,NA,0.977124040667668,0.744077821402876,1.20342266456704,1.08625202374675,1.01613628031206,0.905849925640612,0.990578054364182,0.772288612526457,1.07290007901389,0.991050327941022,1.05234465659888,1.01215926897953,0.750666704005058,1.22251533203919,1.076237771735,1.00303970312909,1.02252210929219,1.05265506423758,0.897489471855179,1.2470088937715
"1922",NA,0.955028426824007,1.21735672929426,1.09166718873028,1.00375083990977,0.784645325339039,0.855173216254484,0.901184975628345,0.903995571457857,NA,0.827691460008563,0.60040319844451,1.0826954065954,1.01363634171991,0.964408394928265,0.802978202252835,0.848097705071644,0.65201322457565,0.948169750125892,0.786894386115623,1.4666929736735,0.899750938043373,1.28150584668429,0.794282589898516,0.930224578687354,1.03729206368294,1.11602392868033,1.02570485310492,1.20980421298327,1.23606177425534
"1923",NA,0.863823613490748,0.975159949495156,1.03167184546668,0.966169715651654,0.787014589896013,0.974969953586045,0.984025839154179,1.00373714284587,NA,0.753470935043651,0.752356826019858,0.906019405163603,0.929182207378856,0.989350233742427,0.808935755714884,0.853449580295495,0.540190292891707,0.744608745882359,0.633577837843179,1.09035338562302,0.713784531705912,1.00991577150637,1.01085946031955,0.68473169909482,0.880889319146506,0.91410688989421,0.873638626445245,0.917602928651569,1.08078338592715
"1924",NA,0.838314443575381,1.12979846143252,1.02368751745585,0.75936718758146,1.05781897077292,1.01441608364315,0.970889916411235,1.03625450793624,NA,0.796235119662033,1.01346942800435,0.930071689479504,0.897028817971972,0.954694547610056,0.92993435644962,1.14067515505785,0.892200559423054,0.801286764820151,0.682676774722363,0.887721368317269,0.90217840255228,0.91630495015889,1.01566718940133,0.988193596725776,1.091017750483,1.00294543437812,0.908871281070632,0.986936911270924,1.15095521293963
"1925",NA,1.08695770652703,0.996463996323503,1.00211338322315,1.48088277379296,1.01268737776154,1.25459829802521,1.18188940385682,1.37746499923906,NA,1.30666410298242,1.0933466745104,1.10877786100163,1.22528503593601,1.19999528193735,1.33536960501096,1.02425125114537,0.841554511205133,1.00366418637275,0.805240172192826,1.16328498982344,1.4124685925939,1.00005987001474,1.06243876947246,1.10898601365977,1.25134298336714,1.20285640137845,0.989556158065739,1.18851524153191,0.997314809240889
"1926",NA,0.992666055356014,0.863113995065408,1.01279781909025,1.62977145593391,1.00221640381713,1.1117774896354,0.737764860865312,0.871398727121638,NA,1.03855805317549,0.840008676955503,0.981089387577517,0.786531765998211,0.914278198818869,0.774856952831295,0.906105682069781,0.739247065928892,0.871150522773312,0.926660591923291,0.829058480952241,0.885548566480023,0.877055575340625,0.911375627841587,1.0161089391428,0.993763707327427,0.818198307027763,0.88427083181766,0.946948516365738,0.927754047780593
"1927",NA,1.16284269333716,0.67163849789334,1.01787319353332,1.76966553489268,1.14368562320157,0.912367246037519,1.09709615768571,1.17332009032793,1.1794111557115,1.02915102918575,1.24068217042349,1.04197091032075,1.09948976887753,1.16120863655365,1.00198640807444,1.04183937766253,0.888965335929989,1.04014936661792,1.19738851158474,0.787245818530271,1.29385246833583,1.41144711369019,1.10246047260806,1.50259123162209,1.14865529842403,0.940047353356476,0.869191948331957,1.23336924210933,0.82562514199679
"1928",NA,0.929161473728037,0.907477308499852,0.975013476228603,1.10226452635756,0.89574841786524,0.952781600660661,0.871315411828596,0.944268721015779,0.945845341138995,0.879463266760651,0.913347689984954,0.955110674664492,0.965942426513574,1.02497983809357,1.03630742340028,0.993440999804089,0.69529313685102,0.871057660952654,0.907852107955231,1.19540875793766,1.02253184054725,0.865473061806503,0.93089099132331,0.879629803882258,1.09948460154032,0.944354777972843,0.97087631300576,0.910621476871127,0.937192586912569
"1929",NA,1.07284341066844,0.976029451969236,1.14628813411279,0.876801605419853,1.01935818721689,1.06768046805133,1.11827701295116,0.93313515043654,0.846425874417524,1.20939115000015,1.43989704774101,0.970363680350806,1.03602923145958,0.958679943156593,1.06241666393741,0.954602814188905,0.86832620098412,0.884555434979454,1.22948763971149,1.02467522098923,1.07098498345107,0.928118316538547,1.05335693586732,0.985646486964842,0.903075697733343,1.20553679443555,1.16833558110459,1.12366140954991,1.15909306541456
"1930",NA,1.11296817999541,1.51609368342111,1.05452144457408,0.854495388436168,1.24897143650292,0.911763760745702,0.976059007674589,0.911855930487337,1.1455951045925,1.06980201182365,1.18537208631496,0.997503534899643,0.874553345184262,1.14675811998561,1.02146346109609,1.14150634893929,1.04634932875637,1.30487701361816,1.23720086881941,0.940572778936549,0.872642686718307,1.01196115219517,1.07238636474828,0.83300968599974,1.01842231478011,1.09931233554986,1.11565874721735,0.945255191577235,0.912790713371881
"1931",NA,0.966972488658288,0.836740707958624,1.04026413466372,0.766519201510144,0.695283042506229,0.936046910889583,0.901837020470754,0.971685751270652,0.89151278749838,0.720296493353903,0.730408832882626,0.904309793555814,1.01574839322288,0.906515039686972,0.87016938083407,0.679852462150304,1.00653723514238,1.00510617067544,0.964058967161179,0.871364368919012,0.593831763228751,0.902512457399942,0.857353214590471,0.921190986431894,0.821011087626737,0.783925457101778,0.989403445970656,0.832260294732455,0.87976118564314
"1932",NA,1.38726979353407,1.56762295054705,1.05427818709133,0.952557222465432,1.29115397184457,1.23710129585148,0.965986578430801,0.993835118738334,1.04494550184141,1.25161007758651,1.43306386824427,0.917784100295212,1.13650793617476,0.859873741015632,1.13261129005998,1.31013379771746,1.55669180582445,1.46656870942346,1.39611361658887,1.00355685763494,0.908942634736404,0.851412295336105,0.998450050782047,0.796959332886063,0.901616784945212,0.985606934348903,0.934048540414185,0.885121442034318,1.04763069234275
"1933",NA,1.59939752900602,0.850672349978099,1.12968879876522,0.878490687314053,1.3693822384492,1.00147702197657,0.886142747245947,1.19448685693436,1.14728072448453,1.26340447548774,1.69666282367952,1.14213711570412,1.18756563361477,0.885525334827677,1.15817123519974,1.12628281635865,2.01402998571143,1.04975903101725,1.33681609602859,0.947394998381242,1.23950804479599,1.10516673900416,0.998050262605027,1.14588431202024,1.07028968695111,1.05144143502545,1.01178202867855,1.02492162020133,1.09524897730766
"1934",NA,1.2179423098567,0.966431602848466,1.22088266033046,0.754931567615524,0.744110714531736,0.960733966477468,1.00153602864505,0.241997411016987,0.944873903988088,0.944320228679677,1.41077034642391,1.04509516933079,0.834568633861774,1.14360488866327,1.18759610903386,1.01442678349983,1.33028881822695,1.06793341204734,1.20012011765392,1.09251038168339,1.09815819929868,0.959042126727637,1.09435458835926,1.23275976996162,1.04881189386968,0.892613534264357,1.11437576847427,1.06784557551053,0.939299322035507
"1935",NA,1.07346467309378,0.966057505887273,1.13047723061975,1.10500033937263,0.955063154682441,0.843942219634727,0.714420590432275,1.02124372385028,1.09290536070104,0.785076268012373,1.06212259663595,1.13633916313915,1.16775347930598,1.06843886318357,1.15532984961641,0.964265577354043,0.932454773861412,1.02253414134859,1.14437853134472,1.03093945740472,1.1548517623882,1.07659719707335,0.943577073559079,1.20772977872044,0.952958277891615,0.821799989905037,1.05766776208805,1.2003573857353,0.9538333470366
"1936",NA,0.953940783707352,0.772191176949542,0.901986346432003,0.784503098313179,0.833271781928535,0.856477623061208,0.994240032908765,0.908729226045287,1.15752442774397,0.745938951954326,0.600092630163146,0.905899790663533,0.829144749308666,0.943451101353423,0.828349118970104,0.622857527411438,0.417016944465154,0.995784916731829,1.06644814793385,0.730221612687592,1.03745581273322,0.741848994964451,0.837705674032779,1.16269262428933,0.480328661801092,0.937764547493164,1.03710885264618,0.86190369478039,1.28329504371548
"1937",NA,0.66747614043536,1.01553740736481,0.543761580523028,0.915749034633827,0.756509136091435,0.792324549811225,0.621224897817961,0.895878742322215,0.971817821207392,0.827471065587612,0.887883885034484,0.969969959344844,0.875351453085952,0.757144232767977,0.844553336284643,0.768646841338768,0.388213312704027,0.879280958671259,0.938704476313292,0.758414494962622,0.907342029881349,0.98814346387166,0.795756739243497,1.04110763140108,0.69691719027154,0.959786611998005,0.941427594790387,1.20747202615748,1.1772089604348
"1938",NA,0.563864281464322,0.913126488834448,0.668353324754725,0.546372130159145,0.541002904564248,0.90896678057697,0.94364624419752,1.00357245796204,1.21572299734936,0.979877521907872,0.469241715475551,0.795775430074197,0.67782177340552,0.839093369885801,0.959979814612844,1.0079416144953,0.50862008989661,0.77737120639097,0.741212984921301,0.677383755989688,0.978170358446616,1.006698288835,0.803074399052323,1.20611815890829,0.813766816999195,1.04655583451242,1.00577162596249,1.01212237369333,0.989118222892564
"1939",NA,0.510340523359602,0.770684372508061,0.631526279434589,0.666810152051352,0.792139883496703,0.971024838974617,0.968607369787499,0.893271744234111,0.549514554918614,1.11317567738631,0.568233757156442,1.01877286217932,1.01682807864005,0.992626148042115,0.870520421550868,1.12337495856339,0.816055116008202,0.948513923532983,0.672536917313833,0.896544301107026,0.642405584841082,0.755904132481144,1.18888981495252,0.739855646311869,1.09018321524915,1.1462225158279,0.833005956782647,0.841294362668103,0.598632503981112
"1940",NA,0.269997598069316,0.804977306255068,0.412405580426629,0.688379255583545,0.770659616000087,1.0562170637052,1.11652609103827,0.968695276965971,0.694121275984337,0.852844055087511,0.472738659386297,0.906850382785202,1.06097714336733,1.02465565008486,0.866583656875556,1.34513945388006,0.598517955870556,1.06236237224429,0.557729559551688,1.12732340320792,0.573594590002506,0.705801355329792,1.12945351324057,0.567887420759851,1.19386719083749,1.03871305964806,0.857893900825182,0.964946450567189,1.02799694914595
"1941",NA,0.626673279418621,1.0713151263435,1.08692707859075,1.2721810087502,1.44410928189173,1.36661498760163,1.30630771407075,1.40051854130793,0.800399015198877,1.53127853822416,0.712162992726573,1.21539390276847,1.20889605728461,1.17789396163637,1.38411296903784,1.37221557858561,0.92448171977616,1.00752397428948,0.863912039522133,1.62873898483944,1.24443313199229,1.2463165694884,1.20998228507697,1.03653172233833,1.51972362927769,1.32074313737047,1.11773420737088,1.10730775535582,0.628713018120488
"1942",NA,0.69594010756518,0.831135266183319,0.644152001093127,0.799247822537129,0.887410417234501,1.14404947948289,1.19965669337093,1.05632067412648,0.702093079612928,1.05002155720033,0.688902723676558,0.922695224564784,0.861780797347584,0.9605995098764,1.43538265417248,1.03335653776594,0.829261534997438,0.894268450040423,0.807471031300428,0.918077106826585,0.76457745266259,1.30131366842937,1.08071807251362,0.668991604041499,1.0757057097047,1.03234333315863,0.917223403300787,0.829385594198693,0.749358856648972
"1943",NA,1.08530084523652,0.467292150152885,1.01277181856624,1.27858558658583,0.835152463037299,1.16099575450213,1.27039459260737,1.05804599000166,0.774258352004797,0.978733600454201,0.736058666912258,0.874578113590007,1.04932642885211,1.10633443703591,1.11664645559208,0.892935792299193,1.06241714837375,0.797496839795024,0.881537799376017,1.21811087553243,1.04057739213557,1.1635441700554,0.913917264743349,0.991437042993627,0.986025649038223,0.966028267935723,0.939597148139552,0.905098356825231,0.859033176724915
"1944",NA,1.32508318492809,1.10274782975972,1.10085276441483,1.44567714004828,1.43495761559489,1.09906679630703,1.17859630584786,1.5254881026308,1.34609066943203,1.35188714005502,0.937906651789675,1.28705895015557,1.02809832603864,1.35285204700344,1.16158161465514,1.2547864664517,1.18017687981097,1.06666676420269,1.02476092600619,1.25041208348965,1.35226840516862,1.3727840053608,1.27014225279119,1.36820606574675,1.57120782407116,1.14203195933944,1.07252742194603,1.0142361033794,0.844124194551062
"1945",NA,1.15570452045594,0.996676974550781,1.0301521263905,0.741221816793667,0.793581424362371,0.808173916451293,0.964677816689307,0.960835036138758,0.989879074402603,0.805665963264045,1.13127638705076,0.902245408379786,0.834974093162163,1.08334579162095,0.857350869071423,0.779072975072383,1.05638613263199,0.852150814789228,0.969287099440151,0.796054150762848,0.864300980186766,1.04842414958709,1.02987417059374,0.801278496360277,0.939688378702483,0.81389768084576,0.93435666974873,0.939356021205046,0.866175878748312
"1946",NA,1.25934957706523,1.15212234007818,1.35063108237688,0.844683913143363,0.992640762367134,1.04352514827859,1.16655566432314,1.1036996109749,1.11941526649506,1.21532854071558,1.21036092874952,1.07956792101136,1.25386374574671,1.11966394449334,1.03029517582362,0.654426341844765,1.19347875079994,1.13652168612369,1.06787957737809,1.07299297650131,1.17907672182825,0.96191650116105,0.932492133251891,1.19276214051514,0.99905257802853,0.953359544960163,1.12847960903823,0.997079560949388,0.916037165084018
"1947",NA,0.926431396706221,1.06762997975628,1.12020427726105,0.863670486935273,0.877210370304058,0.915843653579132,1.26584997316092,0.929087843441817,1.08460501806842,1.02827393338868,1.14527999866207,0.801405286659726,0.967887808319886,1.13471763279311,0.712020435019686,1.09769960390638,1.03130634959149,1.07748002898935,1.28279300796088,0.927603208344915,1.19518033536404,0.876332248132009,1.13474576743385,1.02575082557338,0.951529694398072,0.972763406859135,1.2492950197689,1.08837544945536,1.18737865208307
"1948",NA,0.797134654572861,1.1856583403896,1.19717829535506,1.29417337871618,0.86817817249993,1.13294419520241,1.16775358295224,0.851844148463906,1.11548596037589,0.879177526128253,1.04439434997946,1.06668100977498,1.31609826766828,0.747024449442976,0.787383212256056,0.827073847162233,1.04007382154283,1.12144549899326,1.14675398754283,1.14668548979358,1.13644971762288,0.919250814112421,1.11172634833772,1.19510576389411,1.13774159658041,0.917040671971989,1.1506991839299,1.05994097431385,1.07239526927587
"1949",1.06074556162444,0.868364599376792,1.13954451592606,0.777164855140987,1.00783082044338,1.23919779219788,0.867894707733035,0.81975758746527,0.844960153455792,0.881864556678491,0.862930750689961,1.34142030404677,0.827547383199612,1.05609291350572,0.888050483406453,0.575430732040332,0.840345083689323,0.911293079383901,0.812004860455367,0.947724286172731,1.02191750471749,0.940344199007401,0.833799101732893,0.659604198884613,0.846506012557839,0.698465094739367,0.652449733012856,0.930482167019985,0.77267098963707,0.949051213359538
"1950",0.964209371323589,1.01000061454941,0.716420648952711,1.09546249860806,0.768151304315967,0.471959506315887,0.717602782058348,0.851805736070699,0.730773997560562,0.8608182474854,0.892247602244361,0.919967962920117,1.09686529096978,0.916131088953203,0.903160505687227,0.68104289514406,0.807857427505437,0.921403935331267,0.971228950769933,1.17672932320254,1.09250821976365,0.919196912955348,0.897725094058996,0.82283434822858,0.722001126540878,0.869994381669746,0.819795510647371,0.832775975871415,0.964897335549418,1.09057883800636
"1951",0.908703211080917,1.12291696949065,1.11391275831354,1.16679179235401,1.07755805110797,1.10246994461079,0.900285397552061,0.856554190102662,0.846091160128157,1.03422064640889,0.908654494198606,1.02706111416843,1.03176824082395,0.8996387824799,0.931994283538473,0.895342156895497,0.81847962506002,1.16376045967771,1.13159814650336,0.927667675468811,0.912023003559056,0.759009415830256,1.02549164683869,0.887896695074956,0.963243139715244,1.03784652191986,0.971346995606335,1.06547075819448,1.15781988614592,1.30724111967165
"1952",0.873402359381672,0.709961735772668,1.13318795064052,1.15714633195872,1.03188298392546,0.904836327132195,1.00111966465464,0.670534312132198,1.24911387482544,1.11586199536916,0.701697198589855,0.750980618146687,0.862287256629315,0.797315590679186,1.08342425959312,0.909941028757348,1.01641611663911,0.841629212672538,0.897939967665625,0.870336130477331,0.818509133446345,0.793329434444611,1.15316401367502,1.08993129464412,0.797582775074366,0.690965315711476,1.11867632393737,1.00374863832456,1.05707651633859,1.41974129385715
"1953",0.919193530503553,0.752393448500174,0.966654659701908,1.02710827815831,1.2446757853607,0.89939701581393,0.859073755479265,0.770920251956125,1.0344391104261,0.866668642666394,0.723700459015426,0.614197023247882,0.930733993615157,0.980573376377246,0.798880774270913,1.07258370578384,0.872234624343432,1.1128590880331,0.781833275822102,0.99153305021661,0.816534390878027,0.994490769374729,1.04615984368364,0.813884771211711,0.770414456545861,0.708838476781439,0.931650051986268,0.709101081681023,0.851542064040025,0.900038026948498
"1954",1.12972397598035,1.03604345890825,1.19675377021147,1.27426432228247,1.17755152464721,1.57121504903052,1.14018602643384,1.02255612571558,0.91340499769301,1.21834786700359,0.959046083557961,1.25869693825409,1.60927938096376,1.0515516595798,0.938365127748284,0.981320252436822,1.13837589157224,1.02676056121506,1.07526148466567,0.945975633876555,0.892346836464557,1.07234377844226,1.13155055653767,1.09093332708194,0.95709912792353,0.955635983380947,1.41295807707004,1.1223852545304,1.08071593475418,1.13716352403678
"1955",1.13943210112606,1.78225739512114,0.879532169807983,1.0895615305001,1.27114318766043,1.91266938973214,1.12859103813572,1.0687810306853,1.42152563739209,1.31776769271875,1.31261445306854,1.33365968454433,1.16925648904915,1.13912447856205,1.15339297667967,1.41338973081098,1.39810623666985,1.61339125016477,1.04398488980972,1.15381997522444,1.30918831779869,1.16462017717871,0.939434140953582,1.20636780229136,1.40734470127198,1.17027370450257,1.19077453942449,1.16781566564405,1.22439658481148,1.16302112805597
"1956",0.980096069153722,1.20362257505675,1.09494071283724,0.989801578157606,1.16428634030846,1.51544426412402,1.19555511521957,0.982597204165187,1.0830731012321,1.24334602798785,1.22195084371904,0.893747799401095,0.905779243779222,0.854293715241622,1.11488983198555,1.02052701189068,1.6777296917832,0.991470802594755,1.15975519303511,1.03040640793438,1.05605718103987,0.85801336485901,0.811127213850303,0.806867260545582,1.14300831041124,1.17147938532275,1.12151645161632,1.16363673658382,1.07131321489142,1.05122060544806
"1957",0.57841490263542,0.706094241497082,0.847495132921248,0.681067894632975,0.781440379794201,0.770380561415453,0.874755759876491,0.823044471508607,1.1360864863511,0.904301890202444,0.7788566692244,0.700951600413744,0.872675835695799,0.941442723056488,1.13382895141852,1.06036031528597,1.1776518274012,0.891568564541173,1.11861638089078,0.624190890475847,1.06168385123712,0.934339451627638,0.682530103573724,0.977261184378602,0.931340668745425,0.754148484850132,0.905789710675238,0.917031885278835,0.970260120195659,1.07342637600771
"1958",0.875206623341496,0.933968421345194,0.874152000152684,0.896415887477185,1.06638756343084,1.31232916302201,1.36358198412428,0.873835541079846,0.781634741757069,0.883965090329019,0.93013144026608,0.848833262774659,0.870713236446239,1.21544190286449,0.673841421706552,0.576336398638582,0.67887711317537,0.886261375728933,0.855271638461696,0.900974198076373,0.897038419884929,1.04155999516792,0.873481356156769,0.910753948592589,0.948392282128734,0.888494540733713,0.783292619424346,0.755624835273802,1.18731137647444,1.19470812520471
"1959",1.02306029579283,1.12417661622386,1.04013337394462,1.21068098838197,1.19547713514415,1.03934156949156,1.22207042755843,1.15961571906077,0.93076575533591,1.09679614915193,1.15067233325036,1.31222541599716,0.950120605430975,0.997859081192783,1.0198426262279,1.03291546570576,0.703401990523169,1.58269700242206,0.963788863539671,1.07066361540237,1.33740223822398,1.31842348296977,0.766264556419325,0.959211862244264,1.2235000422498,1.14541852082003,0.982817127256539,1.11869445091057,0.925358265557948,0.8479203064907
"1960",1.40486631203289,1.25260484608313,1.1709319557509,1.14470621059172,1.04849484626653,0.859013769291457,1.0501471344949,1.12112384522407,1.1959078379554,1.18377481749004,1.37658392630665,1.51335638594192,1.24746583224849,0.97964843130709,1.43842424952971,1.10664073892897,0.873733330964028,1.60787087625543,1.26597225583386,1.36885562647541,0.945384692804397,1.19840803673685,1.93756299195925,1.19536100348807,1.30201516854788,1.34290205668154,1.02286034517486,1.19051834751171,1.16043998071613,1.27887551205246
"1961",0.962107918785799,1.10728582351983,1.13122842954002,0.829738813818118,1.05996554774578,0.781024482566052,0.855411382987574,1.02000200435288,0.688745971722339,0.944542355867037,1.21682620803998,1.40661330433076,0.776181439770727,1.2807491535994,1.09967227628985,1.05916111911551,1.31004712229536,1.44842784142827,1.10316002113715,1.05593664814477,0.854423746128507,0.986733184089144,0.939246335696396,0.956555606115285,0.82454406962485,1.12220213908075,0.920793806339174,0.687460799484262,0.822583614103758,0.612470988530045
"1962",1.18696444174436,0.998142970519681,0.946006476913085,0.856808180032424,0.871165096662784,0.847689852346088,0.658921600486934,1.11273268643966,0.896929208166313,0.938796038755486,1.14977538479664,0.994985862940934,1.11107481695909,0.729548954419239,0.860695141392107,0.766900150910054,1.20473058180559,0.82213745130949,1.26282401168532,1.06371391043053,0.898763515562165,0.975566844250022,0.986593381433752,1.07500152442034,1.08007280286145,1.06976696966812,0.873194287325006,1.10323241513402,1.0900480929135,0.844434276278327
"1963",0.857380011671813,0.788755559450289,0.945469105601859,0.992128752820407,0.737096807402963,0.57431951790997,0.63921168153657,1.1205666480813,1.03165362552417,0.878350307740154,0.706661796303159,0.701553811110612,1.03710791290054,0.967552563986545,0.903775173721884,1.04589308295277,1.00492882202424,0.558001020946099,1.08474374322903,0.785858099645383,0.966618094632392,0.886926201410363,0.928367127038776,1.00720871030235,1.1313809515202,0.959032910409783,0.949872717563736,0.882105877017151,1.01485962776272,0.817995735974843
"1964",0.826965048804977,0.727651967633005,0.627331994526997,0.558127281151686,0.596050545469794,0.650426216775992,0.941990238297499,0.820653532663565,0.831758442071159,0.908879743710942,0.672496316895997,0.698054245604579,0.749884716869349,0.977273245595191,0.733311230197162,0.694942419632061,1.08551748150041,0.464391220879519,0.833612768818565,0.909004981287906,0.886141978346883,0.797478575109921,0.696616654622981,1.06746814980034,0.922626494148837,0.845711745295136,0.880810441458614,0.866168273960785,0.724735157779787,0.607365378567381
"1965",1.0676928532682,1.14764462595577,1.57923289157829,1.30527535589246,0.919926702158881,0.857335530258817,1.00659240673851,1.04455455231119,1.09741861134039,1.03083572180148,1.04640208647675,1.19135092431457,1.05276373161871,0.885211933157049,0.836381228887025,0.811141500891754,0.815991055130558,0.527978591382641,0.901176018067751,1.01664763832008,0.874422653947628,1.05276858207246,1.4510822796272,0.983089430735517,1.69647439197095,1.01880587085309,1.03213660812121,0.772669310649847,0.943778709791766,0.851834465949986
"1966",1.21732870434837,0.93009209254237,0.828695711231983,0.845651363274184,0.804749943287887,0.612672436162994,0.969824763927367,0.943752350772798,1.07745111640502,0.775337250561048,0.940081415325917,0.951243537020624,0.880086540864444,1.10950184127619,0.855289051300161,0.743446999372711,0.795325463923313,0.498634949416677,0.996572499009763,0.982972158714551,1.08614281065159,0.915846305730639,1.09011503549259,0.86518739329543,1.08183566707638,0.862670422090507,1.04123278735947,0.85194495588432,0.894809795517317,0.807641268463157
"1967",1.04935159172545,1.1244918688131,1.11390930696004,1.24162760945281,0.906732634951003,0.7142151448916,0.753174995217633,1.13634342174778,0.882609099667619,0.878026038577629,0.85905563168703,0.896536058275767,0.774569008274587,1.13154465998912,0.674236409965987,0.899973774611625,0.685553733173823,0.774409637317417,0.69971440316959,0.880344424808583,0.839394856213673,0.904688671922407,0.901951245870182,0.784804890504445,0.626761835247772,0.876796636590017,0.888104405073212,0.843548662012703,0.961799731785973,1.08818297982068
"1968",1.10125683645034,1.01632351315176,0.926198143570382,0.835083895114118,0.641489246569156,0.743572770948615,0.973096517874371,0.949646563429087,1.0212274084617,0.91049358354436,0.761197454429956,0.868453760001982,0.737295874426981,0.778938751545347,0.803663947882779,1.01797768991731,0.743401393563915,0.752490675976417,0.592291002534842,0.932505640170203,0.790833331060674,0.957677051737541,0.846602255834777,0.895858386545168,0.566938675607771,0.975390457764824,0.938347563893055,0.94752140309338,1.12094030397969,1.0993617653905
"1969",1.18129254379439,1.07745654020311,1.34144336628597,1.27410210922629,1.41345919452147,1.03096541978329,1.19354844336674,0.713729091591567,1.06367257265474,0.978738783836899,1.33750130844651,1.28895205501142,1.20504872752619,0.897816583270817,1.29065075116538,1.38073919590326,0.860250044647992,0.872335282968472,0.948820269988624,1.01337112352458,1.19791266659639,1.01218742662923,1.06890994032647,0.987751496908621,0.922041241968272,1.21651496342415,1.11777928468499,1.2679423346699,0.91489308327846,1.1056124791995
"1970",1.38518904621882,1.40809018643195,1.01163913507585,0.954940638154103,1.05798023990522,1.07158187610519,1.13413416020987,0.967053243142312,1.13572269809909,0.952692024200473,0.949358221086452,1.21844891612485,1.19712959196812,1.03141224505541,1.22075985176945,1.03228727804935,1.0386613231479,1.0431966925476,0.794014968549869,1.16535716245257,0.989818368025048,1.10135623709837,0.968167110596936,1.1969615756204,0.595792764725335,1.13035753458576,1.15793234223256,1.07916894559486,1.12186266780969,1.02705728757183
"1971",0.998137180327689,1.23180356072721,0.954240132265958,1.15125145264285,1.2435201664563,1.28733621507936,1.23993073365101,1.1268793679643,1.08714040442427,1.16630846911973,1.1929606952774,1.29780050953065,0.861108283450738,1.07793767531766,1.39635739582559,1.38370487922023,1.20474310581825,1.17418815443805,1.28905079867812,1.12591905250684,1.05833476482378,1.14523101784604,1.05630470731867,1.0536272215449,1.01119205742943,1.06389690536273,1.13723972511992,1.22867759051061,1.16157463560674,1.04066552523331
"1972",0.766625973995164,0.758679578618906,0.795770590370449,0.864654969809136,0.935157491082963,0.958925757089204,0.948723793870705,1.08619118147338,1.00550510406666,0.959974170672793,0.93275491337953,0.909671309437224,1.16201929091817,0.887580259731412,1.26561121095595,1.24065429689641,0.941407079827751,1.0639063340787,0.989480712937266,1.13135286558107,1.09790988325115,1.19274263427102,1.04970049048713,1.06453029199619,0.922330885427017,1.19884993864968,0.959030055306326,1.09199814927511,0.874109403066466,0.907163881898293
"1973",1.14780958265534,1.22050723474823,1.17505793221129,1.32064959900807,1.6304103958768,1.25240575306477,0.964229888551397,1.41729232283777,1.03314394292492,1.00443785242403,0.959061942919356,1.26644279922104,1.10214751368939,0.831159179321672,1.1044633466367,1.4303208814917,1.20194473496306,1.39893340133897,1.09972140463781,1.2809554569403,1.01063533443217,1.26122513239678,1.11692025805836,1.49307460907888,1.11990190900268,1.0739258205505,1.27675133693067,1.24763083202122,1.01043776568885,1.11949466916809
"1974",0.961548720192114,0.808140344052344,0.718507483421457,0.684752844775725,0.773486762263051,1.11342980096873,1.09566089124933,0.940498562746028,0.863378461175425,1.01035750511987,1.11270604438627,0.739934155300727,0.875087647506989,1.0051364087088,0.927724464167719,1.10185828851353,1.04199318829223,1.12896321736878,1.08295599574882,1.01004258201777,0.704534076348081,0.992363076353921,0.958423613205374,1.0454144340549,0.778602837876837,0.836853570763736,0.918865704604142,1.00787337735777,1.02497526278205,1.12134369226573
"1975",0.724224521355751,0.788065123168219,1.30118614585151,1.02625544528026,1.06526997255759,0.850246174496703,1.11130155537924,1.11033512157519,0.94749130362587,0.944625507280413,1.15049190404121,0.888286777695275,1.10266816337279,0.930227212191649,0.897271955128451,0.827139582551236,1.05410958432291,1.75453988509349,1.31953370135354,0.950976447052007,0.93180831106261,0.976456129859572,1.02392422127473,0.748610377165369,0.934332381646861,0.901173130708352,1.1172100830924,1.10528423749179,0.788830330524598,0.981761180649238
"1976",0.800268457007888,0.699105158896571,0.619118036072742,0.792736211629607,1.01477320390677,1.14880426817619,1.11376673705231,0.830182287012356,1.0287580785703,1.04329325427402,0.988858376312417,0.922081853964856,1.09521401472226,1.00190064614118,0.882623980615249,0.98671878193111,1.01824964594439,1.09400755814229,0.925404192561352,0.891572968809573,1.03222632697411,1.01377053532027,0.855720531593924,1.03562205149197,0.948168218212721,0.89235503102452,0.924442339203767,0.881369038822335,1.00233867480422,1.02458193624576
"1977",0.767459189661547,0.609929205514344,1.03770662798604,0.540511652242752,0.706145929931913,0.861914902882892,0.687505063240845,0.905350659417269,0.624831499703622,0.853858090665299,0.715485732301286,0.753333547581519,0.873982741849242,0.976496110727112,0.768905932070679,0.591778944929465,1.16175767509229,0.75986888919239,0.672588109249004,0.934876987998848,0.89752578805913,0.616844158434391,0.812221960767182,0.705195550041034,0.770715953533288,0.65736143335669,0.821699457051632,0.714774168628072,0.815777157780788,0.885542675764728
"1978",1.0214997317486,0.882993218757959,1.00509136965875,1.18236723997851,1.11507355333223,1.14938654749848,0.869642359763252,0.931983482459617,0.89458311629061,1.00700947945385,1.07087288233988,0.686194059583221,0.852485895742003,1.15891184199489,0.932176135023893,0.960775886612604,0.977698380502747,1.23824646925577,1.06466771042713,1.00984109976832,1.01563697815342,1.16513349319688,0.897389737424245,0.979697090625257,1.12081955228594,0.903383102119675,1.13730490235939,1.0934702411143,0.823720949465235,0.980456083893257
"1979",0.967351594489213,1.18952927811008,0.888468819989159,0.928618260941465,0.916431458091104,0.96137202202,1.1677033176147,0.71330025875088,1.04636343661936,1.15599353644603,0.880816500517034,0.873821022506458,1.04363976098568,1.26169911571248,1.02873511685846,1.13958038871151,0.990240050744476,0.86646260262364,1.19128247702132,0.979784499055051,1.15151176436798,1.0169999673785,0.848186212949328,1.46267952180672,1.36286732281674,1.1770971489832,1.03741705929895,1.15758295783109,0.86126278398933,1.01170722640604
"1980",0.973553026117908,1.27051918590925,1.02471115525455,1.36281781119407,1.0904277921937,1.33552765588493,0.997823590760572,0.962088070240054,1.03353541126623,0.92225920848945,1.04697500399404,0.887061565922506,1.21754633301473,1.05190786513548,0.765592992142424,0.893065683487934,1.00274055562907,1.26919193663164,1.22103331347571,1.0725227996056,1.0005307617536,0.976649391781491,1.03506500596598,1.02847299571565,1.28385926583662,1.08265876873211,0.945987137232799,1.04548718157229,0.914682724665408,0.874529231281029
"1981",0.841819671213763,0.868854421308232,0.956061699679397,0.842268492816349,0.911673989901138,0.834719212670128,0.931180715997708,0.948692100888198,1.01953252012797,0.9748490231836,0.871910442631074,0.905967902075352,0.841296495604441,0.908327644272297,0.925636768200304,0.912353701968814,0.946094320249626,0.914043920180473,0.9002991510133,0.851546671167358,0.834418766948027,0.738410026716856,0.821728402941576,0.674000721013216,0.826574163501845,0.754591557637258,0.853280416062248,0.962472315322339,0.845062166502895,0.82236343460485
"1982",0.919510704354133,1.07608329143816,0.911925492364717,1.00881414881314,1.17664728521837,1.23744269646313,0.941527194174582,1.06390969608797,0.89871347782875,1.02812859350284,1.05738228357347,0.852126419698079,1.01688590653909,1.06423777291222,1.13324713841497,1.03883702136289,1.04381016918893,0.931375862045126,1.04389439794552,0.926699254977882,1.24400185467578,0.845719043886751,0.951148500309397,0.958056294836631,1.08225083065549,0.845857074512995,1.17621352166311,1.05555929959268,1.15855178532453,0.990067241806864
"1983",0.786677885303217,0.876825754089392,0.959102251900001,0.829856483861774,0.823704052595273,0.883571277532856,0.951200976428582,0.899104067114264,1.07629125159563,1.21948054955348,1.04096504041771,0.939011373040054,1.06409324890204,1.00276087556624,1.01751721866115,0.894184093900762,0.984273481824253,0.614949783355548,0.806468922276257,0.856615205097563,1.04136823430323,1.07216060653685,0.920505964843817,0.947601337648924,0.846161426946386,0.948853076701254,0.864023242157015,0.854965653277826,1.20510543775765,1.0339206133608
"1984",0.901159096862896,0.944913664377291,1.06930555940893,1.27359009779631,0.766632010419037,0.906260689238962,1.0500439073585,0.994459700303463,1.01439351382159,1.12913610831639,0.908975887912942,0.726583726445354,1.14492009112043,1.08411669750268,1.12937339743642,0.988041591062853,0.975404344369422,0.806702072648847,0.794555174575016,0.913996704505847,1.0519060398591,1.13973494458739,1.30843664801539,0.989376485248087,1.42166915702468,1.15369739117378,1.11762691120745,1.09448062086505,1.12914317124416,1.08622137267452
"1985",0.90885645423405,0.830293362344887,0.861823491464981,1.12699091674887,0.91432536300131,0.666263763680861,0.918393882952752,0.844630359299789,0.992080834272004,1.16755359969047,0.831053024414997,0.913369476526015,1.03361215683169,1.02565677238697,1.08173404024116,0.865279660143516,1.0183792196377,0.702688046938876,0.981608887540351,0.954398063342216,1.08541144252071,1.06484121777822,1.06802443290922,0.853293184327905,0.802367522652497,1.05096914451861,0.865802964876496,1.11109248670984,1.07864261302943,1.01795489058569
"1986",0.864789880147821,0.623810095554218,0.967213855292322,0.899741508276193,1.00361446903589,0.876042188711138,1.15639563686998,1.03543688115591,0.898301372685624,1.06261493272761,0.866915273361228,1.07056540682304,0.809652203609326,0.983728631642935,1.0199581736122,0.9994269337219,0.880352761887277,0.851158611867002,1.21263848444375,1.09350435188065,1.24363464511489,1.02718705318741,1.01220987105424,1.00117206940405,0.813055157336719,0.987481764224612,0.806624309540081,0.748754673720803,0.935399092087261,1.03325098588403
"1987",0.912996199028207,0.766562577011563,1.2214378386949,1.07250258185116,1.03514975804511,1.14765531000113,1.07658644811122,1.06413926685253,1.15317868344797,1.07410889593361,1.02382574423044,1.22181481769496,1.34879572276139,0.91021299259537,0.959934179219782,1.13836266212552,1.19000937715287,1.00841814132825,1.15941998661028,0.816659391549462,0.976551611979248,0.845882305153461,1.21681866136982,1.11449943932641,1.07691911919225,1.24638408018341,0.947216629201029,0.875305677025232,0.956187477210125,0.981844971015803
"1988",1.1997469963188,1.0270090210086,1.19188382741654,1.20761610253444,1.19142083232894,1.38434432722331,0.707330602391886,1.46413764403057,1.02802208504679,0.856744361103943,1.08112842829396,1.52967388629834,0.799731680756231,1.06134954961379,1.01608924778986,1.32140846500201,0.902797354597759,1.19197030885487,1.00584555541038,1.29016538971154,1.15943072035714,1.10469185333162,1.13786191743579,1.10260481948536,1.2114546202189,1.22528825597017,1.08082783210879,1.03264410999173,1.11544596829324,0.93384631980037
"1989",1.12945827839893,0.954265277146077,1.13774771796176,1.18491217825975,0.770050276905071,1.02532574463696,1.10912541992574,1.06165548191932,0.943124078652497,1.07828520010573,1.0322448168222,1.01446284217274,0.819878523097549,0.90724421804555,0.992938888208511,1.17672892689225,0.883845400357211,1.46472589970491,0.981178265652915,1.01055200430385,0.916356934335087,0.978883749774689,0.93104099626617,1.0544083886865,0.937822897065483,0.985841562207308,0.970202533382735,1.0234316819392,0.967958059551651,1.0460712037383
"1990",1.34905913445643,1.33314266628443,1.04773843392193,1.10783425673072,1.56079880869933,1.22381659289646,0.994498994027691,0.82165085021642,1.21177105624882,0.99588633270689,1.48067817022142,1.46026413292053,1.12038380379082,1.06108185765589,1.32371701553955,1.17321215429878,1.24012288906967,1.78156237832832,1.2895327896659,1.18513599551917,0.958666273379759,0.951151383134277,0.828332091467129,1.07891369739852,1.0556442374045,1.08465658620913,1.39046202186572,1.39797344272125,1.50707071725009,1.31755255456021
"1991",1.36002890812798,1.85279476080288,1.18698310437938,1.16157580708259,1.31169672384087,1.23663047797452,1.3974383214559,1.03430251934028,1.3414198434998,1.28939326716947,1.29597874965,1.33204716436941,1.02655420934528,1.10210227150135,1.37806417159817,1.22396714640572,0.821612893209069,0.764277737089518,0.988982949359626,1.15730352348371,1.16438101194475,1.15649314096655,1.21837632466076,1.21398338892808,1.18658950322136,1.27882382896873,1.29306725207972,1.46307387993563,1.23757447749047,1.11909575996975
"1992",1.33725140297727,1.6307753084812,0.730413190351914,0.565456114358645,0.995449529161496,0.903796963931848,1.34912041551419,1.12027260066773,1.19631812823162,1.14007103707484,1.33774128083483,1.06474843856147,1.46426596097127,1.12687734877976,1.07359178774911,1.0975787090076,0.902677878588321,1.02946832670591,1.04992919899275,1.41957337170339,1.06295703362545,1.02487221241444,1.1168095153458,1.01713608213828,0.886406888721492,0.785407457516894,1.06430903543672,0.730918021502723,1.0436268554914,1.00846384500492
"1993",0.973514261822077,1.1768109762671,0.727616057317959,0.849236051220473,0.678664743027402,0.588638774891489,0.973294070703665,1.33945233142954,1.12579692226788,1.12315991969619,0.917291964245234,0.562897856471761,0.819140697169869,0.867581832664017,1.00595186169686,0.824071775307223,1.1542829236921,0.709212396205119,1.13818326199454,0.995896488110353,0.918907727344874,1.08425373119494,1.11904306753639,1.04006668668297,1.13501273379088,1.03500894029559,1.04637223172424,1.09541383773515,0.898627111033498,0.845159657461684
"1994",0.662568650179819,0.437611766375696,0.609885819036938,0.568605430644092,0.496921330297788,0.337981955136451,0.861656938042077,1.16815184814276,0.833835123178495,0.781950292681284,0.579759657865492,0.521610070705336,0.805245421377847,0.956263184684649,0.863382888409149,0.651553700817828,0.913403500111467,0.593020451340427,0.727964126055922,0.722334420802473,0.773065689866698,0.82080408465534,0.886124213323821,0.670174809431047,0.643067606584855,0.651029997036258,0.849541596121636,0.70735452981108,0.628140948785373,0.716371084899791
"1995",0.454347918719456,0.357442368261545,0.517961390781175,0.336347068863116,0.38266484427629,0.292438935044224,0.418731020090535,0.547007472240707,0.591543415407835,0.505667799967361,0.404931759107624,0.320121513978911,0.806552821030115,0.656771926874251,0.439350558561711,0.457088385151305,0.592782643045116,0.408781281717847,0.520899764236915,0.497738394051713,0.222166269923019,0.565267087399897,0.703796667428914,0.651313231834176,0.515942388926942,0.314361054602632,0.545649613030671,0.41620380791972,0.513070550071642,0.536747061134897
"1996",1.02489709875166,0.958353826538665,1.4715110415359,1.42145673405869,1.63529294473047,1.06723094758555,1.3444496448532,1.36827625274283,0.828201847621926,0.749941191406095,1.27964697061834,1.15791904349935,1.12510688273568,1.3834078425496,0.929122383389701,0.97312666515379,0.929779127157013,1.01577735974513,0.916249412425181,0.818515225494832,1.31850008527746,0.977255312878001,0.910751222070812,1.27977472223398,1.23207392921583,1.52693475635819,1.26515548442683,1.22916708170174,1.34918374623129,1.51837818712868
"1997",1.48554464508025,1.56689266433956,1.02626818560401,1.27325868348646,1.67178539195738,1.91837298701054,0.974461903029453,0.737963569622951,1.2548526547184,0.984450835928048,1.05574276233642,1.59333769282909,0.803668166093799,0.877203630764014,1.01550027743976,0.754875051487861,1.13741908511205,0.764397457939902,0.733520440917383,0.910869867648719,0.847233201349451,0.777317680129693,0.985126495414944,0.68216372994767,1.3232769351572,0.927278722283181,0.818249671048241,0.98384299372272,1.30921752238104,1.14514570830295
"1998",0.937422711061401,0.674523966890388,1.04272826641326,1.12925539342955,0.709962658142104,0.655695347661425,0.919907543157539,0.723109704719985,0.969155956146366,0.735735266177266,0.616265801842304,0.708495388965864,0.932583243299569,0.824745535620366,0.777806822245663,0.943836755590496,0.905706393563646,0.64214482660467,0.817174400417129,0.681471220532306,0.930719162259848,1.0061871407244,1.16003693869003,1.11511046082726,0.558016138647729,0.905179638998365,0.781802880743317,0.833544304699151,0.851460116602531,0.793682739530245
"1999",0.812464249959055,0.567377136634675,0.889856086346882,0.919418730842292,0.640213218965825,0.520189008784376,0.851270371858492,0.554701032213204,1.01261319893205,0.633554991638221,0.555662152500292,0.48512808526562,0.875898624323083,0.703726156657817,0.782120430076119,0.789859398613854,1.25851379311476,0.63691792653533,0.922504212809023,0.816418999884255,0.971789190963774,0.878934652342889,0.767633080128982,0.723491499727371,0.532829308499846,0.700997732565483,0.675486713767444,0.694426430308479,0.549485033807612,0.687907204108341
"2000",1.38873499126133,1.30546918431063,1.27438069466756,1.28016106125639,1.33921425298663,1.82072906470849,1.01731616562149,1.52419100828494,1.19763223378946,0.637131746173743,1.56605430766764,1.41445206352363,1.11309535376287,1.16516201645139,0.956336147836559,1.0721213249794,0.988095071255883,1.33853753351345,1.2609711883645,0.992764640434234,1.47847941601309,1.47046804581671,0.836641107429221,1.10773997281882,1.48458824352494,1.46976218897815,1.15842240886233,0.929971161382149,0.92616588361612,1.20612432387226
"2001",0.956231938766752,0.861302476725889,0.674828187676617,0.842081606978202,0.698373607360075,1.04200163447421,0.95680051293169,1.24844016173469,0.683073464068633,0.756927332435993,0.761950459584543,1.04982451148365,0.971407045247849,0.974191693035883,1.12905071430568,0.940741335671827,0.908057686190454,0.786319171309909,1.22102658891973,1.28728080045545,1.08468239816777,1.09255081342342,1.02837467856846,0.969810253961001,0.891039321905329,1.38492227476503,0.870256551146883,0.729830096704876,1.11872250170862,1.04264216891389
"2002",1.06630132724267,0.774242776050745,1.55054448950527,1.15370318590283,1.1167634199422,1.29763549913201,0.980334889038586,1.20433992080404,1.01082205615281,0.97663295379279,1.47349601469102,1.55921827301061,0.879807801143597,1.01455158023181,0.898703545852883,0.994214605048042,0.934018796396131,1.56507315328517,1.39978482525595,1.1556333553149,0.740628401291109,0.825455918938609,1.06603633506368,1.00907123675322,1.15712051475664,1.15699279042121,0.947655848635845,0.930135487416147,1.02620634272048,1.38622281448429
"2003",0.935507877308352,1.09811303441364,0.970542275591043,1.07744887784539,0.95853355925945,1.20038548738883,1.00118112803533,0.928890495666251,0.82313230913314,1.12439514366875,1.21495357870919,1.1112430917037,1.168851082073,1.06979822733068,1.47034650946555,1.3705217653222,1.23230979355365,0.988032265966705,0.973680042269213,1.18203549338864,1.11835257932193,1.29103521976978,1.02876293577073,1.0990265064796,1.11239777228425,1.39501365727613,1.16343641836193,1.10150146311454,0.991066257466174,0.917080850107371
"2004",1.0567499368666,1.35524233584567,1.35855189403128,1.35236108333167,1.30499053008018,1.66676094315493,1.20702171821971,1.05795072463967,0.987787360470684,1.37068277867336,1.11559195284583,1.19311630276202,1.07602627113035,1.15592627110895,1.33499537500877,1.18799851164911,0.817550538117383,1.3313923933016,1.0909979096867,1.15052304870439,1.02952110218845,1.19320260313282,1.18584973607883,1.23849549878662,1.08388188249863,1.04537329457235,1.17620765733204,1.3196807436692,1.27240816605829,1.26733290298972
"2005",0.819109253120046,0.871929888644808,0.888166644322398,0.711146556508011,0.839197959625166,0.728280075883482,0.931961125519523,0.894273575762425,1.1323361917505,1.05846866365535,1.24174467129185,1.13910332782028,1.01631455363972,0.954252484995298,0.819104159881094,0.919165176528518,1.08375637833699,1.15321808343145,1.09618167092969,1.28514292431136,0.772135828143072,0.931828050626951,1.12415014290414,1.2922900632641,0.997081809065089,0.698803929379334,0.912071653548786,0.978631595832917,1.03967591710944,1.02534581864373
"2006",0.761047108467505,0.918543645525555,0.93558743713293,0.902447547362044,0.928008341963031,0.670841188554936,0.846028251274833,0.503908570231702,1.06437089914942,0.868985384521913,0.752510044841947,0.802635159883193,1.09506328061211,1.16614055929308,0.893843134156685,0.756755623357285,0.741291582668575,0.999588699123622,0.899799072327598,0.936967519787279,1.06340762673742,1.19458482702965,0.945795390015886,0.880955164657818,0.926697360238152,0.756209530326211,0.927456867727001,0.796755195052508,0.854720284497887,0.980825641849873
"2007",0.881207150439244,0.746783391261847,0.675668870157751,0.714040978749484,0.795242233223333,0.401325989133373,0.706823536734782,0.325075553100466,0.940865487407135,0.949956379052633,0.552661080612813,0.692406397083848,0.991742067115496,0.843356365542785,0.986509774456411,0.784095783273746,1.03350253701137,0.982508251971174,0.779352428385463,0.88682872331277,0.997020956688203,0.793671723913861,0.981799563991556,0.955453766344339,0.944492579116571,0.625542082777698,0.866657676281515,0.945879191332717,0.795084251385266,0.659496196165207
"2008",0.858972430115095,0.926710044427651,0.858259203000261,0.946365798359322,0.518909519913331,0.473652995625195,0.691303870978624,0.995871795000627,0.589889649481946,0.977820601770971,0.701957296924731,0.65961341605624,0.905770905672639,0.820385154570108,0.699523205342797,0.944008415063158,1.08118467598329,0.970698985773987,0.673776686271304,0.76629462863261,0.818759973983155,0.728469447383954,0.739456565473727,0.751212186467399,0.735488915802554,0.616035481757218,0.944715579949802,1.09655068012303,0.795364898241558,0.622060629169195
"2009",1.04828967291648,1.15842365345064,1.28237444797245,1.17561909494211,1.16326071650344,0.952353266928955,1.01398355893946,1.26970197618586,1.14976854083074,1.2329059138006,1.14758478196609,1.08141617384547,0.880492775797889,0.997313710621797,0.7905178145863,1.39225547272474,1.07869005813875,1.35400938912908,0.840306693789446,1.03659739529097,1.14723860858415,1.03778620758301,0.82222512004333,0.955222727242527,1.33666122263296,0.938265027698406,1.09879181733806,1.26028674650398,1.12058770248468,1.19547193167901
"2010",1.2636384105041,1.45027187143704,1.2660516004345,1.27389702210693,1.666435978536,1.71716335666577,1.59219591484272,1.51731871671526,1.02208541972,1.56389918746134,1.32318894674532,1.38766709156935,1.33455867604131,1.23247062116164,1.46072534856758,1.5170452482854,1.6619695316621,1.29010968271375,1.41788600479992,1.30638471767743,1.46952044511833,1.27358719220583,1.49020930973468,1.09166952288113,1.42432000577625,1.29349531563625,1.22048376904509,1.28678623109305,1.62585691571257,1.47912775471534
"2011",1.10091496031125,1.39374948301588,1.23301852317517,1.21795289281293,1.30225005320953,1.78029500945903,1.30818110995492,1.02690708261424,1.07709739699223,1.57931098259216,1.23774232458359,1.00426816805444,0.946728275643278,1.11744656834779,1.09942875335707,1.06297743428334,0.965847705798533,1.03946417425104,0.949466167560079,1.03211101210695,1.01256950019781,0.959428360944618,1.0274872762116,1.16256539485148,1.05662033796212,0.928405216403266,1.1011313906305,1.08911522491844,1.01252903667792,0.927344270759991
"2012",0.939263911511242,0.838159953725314,0.758260407263059,0.800072533664713,0.902731379327679,0.716077672134629,0.966910404605,0.886742021649467,1.01396264647215,1.46974259981094,0.933319549795271,0.922158679547405,0.780256016895824,0.899843147767313,0.853058499983927,0.831349763337457,1.01763159162986,0.822472577788292,0.985789293397624,0.773756395047593,0.816156458037399,0.832493859338707,0.906509996476006,0.96416266609996,0.870512720978376,0.99349932655595,0.89676625358183,0.988817915073685,0.802224723171973,0.738733701745601
"2013",0.87041125812803,0.697793683282649,0.789997743465309,0.872411707973505,0.900995752665954,0.948069485008231,1.17780783417785,0.767757842543165,1.29720496731425,0.93213497176957,0.672034954199622,0.689115479814565,1.12238656664927,1.16239280647819,1.0704257075042,0.965961972428402,1.11589504916918,0.82200726805735,1.29253756542122,1.01753909261909,1.07542548132799,1.075556683658,1.02896364762601,0.894475686014321,1.17904209041201,1.18611623822429,1.2637724089507,1.14811516155476,1.0459381153982,1.15487290642874
"2014",0.877725487866892,0.858743925202123,0.995761362238904,0.937812803991034,0.71770444863359,0.702483793109548,0.696662490123917,0.613387985900134,1.06259743536436,0.721861730609268,0.896977130090003,0.827094659445678,0.929666681610262,0.78509772104512,0.955073560643015,0.895068433203985,0.836935784879111,0.864790975955383,0.954264210147957,1.04687964292549,0.867323646311712,0.887701980043913,0.910635383824932,1.01292025262351,0.919085652984983,1.05783619421097,1.00232388207664,0.73896175111498,1.07056342445565,0.993877768655324
"2015",1.20877414157132,0.952493823947398,0.836555577112811,0.975618233929054,1.03965632672382,0.936878885684371,1.02124080913642,1.15187235267009,0.935946424311465,0.548012900128101,1.26468635189838,1.18313764006104,1.05675198378292,1.00132178777155,0.968712802899411,0.987112905750059,0.86703529303141,0.823320310235513,0.980488125671758,0.976138476065613,1.06237022213219,1.07486929085927,0.987810538132826,1.14542632976935,0.856960115036297,1.02562407191848,1.05797667060223,0.889085822558193,0.830308601000125,0.95400125576036
"2016",1.01112786995617,1.09392279982403,1.06047808440294,0.984161278088014,0.997815610198234,0.856706883419756,0.91352451084674,1.40309785153956,0.852305589660701,0.484311797938752,0.918259151792864,1.03996334986842,0.991029520543679,1.01003739377269,1.03672508387557,0.907964498920922,0.707273585817156,0.974170953718934,0.886623483606244,0.919775633571452,0.887949964249644,0.989028318050259,1.02094341043649,0.876569675217008,0.754226723637529,1.00941812149709,0.739061827847985,0.998334228705992,0.882148791689825,0.892967371047777
