"","CA0101","CA0102","CA0201","CA0202","CA0301","CA0302","CA0401","CA0402","CA0501","CA0502","CA0601","CA0602","CA0701","CA0702","CA0801","CA0802","CA0901","CA0902","CA1001","CA1002","CA2601","CA2602","CA2701","CA2702","CA2801","CA2802","CA2901","CA2902","CA3001","CA3002"
"1836",NA,NA,NA,NA,NA,NA,NA,NA,NA,NA,NA,NA,NA,NA,NA,NA,0.872983484354603,NA,NA,NA,NA,NA,NA,NA,NA,NA,NA,NA,NA,NA
"1837",NA,NA,NA,NA,NA,NA,NA,NA,NA,NA,NA,NA,NA,NA,NA,NA,1.02771554269188,NA,NA,NA,NA,NA,NA,NA,NA,NA,NA,NA,NA,NA
"1838",NA,NA,NA,NA,NA,NA,NA,NA,NA,NA,NA,NA,NA,NA,NA,NA,0.965166332875822,NA,NA,NA,NA,NA,NA,NA,NA,NA,NA,NA,NA,NA
"1839",NA,NA,NA,NA,NA,NA,NA,NA,NA,NA,NA,NA,NA,NA,NA,NA,0.799983893495417,NA,NA,NA,NA,NA,NA,NA,NA,NA,NA,NA,NA,NA
"1840",NA,NA,NA,NA,NA,NA,NA,NA,NA,NA,NA,NA,NA,NA,NA,NA,1.12947427770095,NA,NA,NA,NA,NA,NA,NA,NA,NA,NA,NA,NA,NA
"1841",NA,NA,NA,NA,NA,NA,NA,NA,NA,NA,NA,NA,NA,NA,NA,NA,1.75150942754875,NA,NA,NA,NA,NA,NA,NA,NA,NA,NA,NA,NA,NA
"1842",NA,NA,NA,NA,NA,NA,NA,NA,NA,NA,NA,NA,NA,NA,NA,NA,0.856426585393573,NA,NA,NA,NA,NA,NA,NA,NA,NA,NA,NA,NA,NA
"1843",NA,NA,NA,NA,NA,NA,NA,NA,NA,NA,NA,NA,NA,NA,NA,NA,1.18448670333764,NA,NA,NA,NA,NA,NA,NA,NA,NA,NA,NA,NA,NA
"1844",NA,NA,NA,NA,NA,NA,NA,NA,NA,NA,NA,NA,NA,NA,NA,NA,1.05345417259752,1.04440158333881,NA,NA,NA,NA,NA,NA,NA,NA,NA,NA,NA,NA
"1845",NA,NA,NA,NA,NA,NA,NA,NA,NA,NA,NA,NA,NA,NA,NA,NA,0.904108095536085,1.15849601585769,NA,NA,NA,NA,NA,NA,NA,NA,NA,NA,NA,NA
"1846",NA,NA,NA,NA,NA,NA,NA,NA,NA,NA,NA,NA,NA,NA,NA,NA,0.847271665738981,0.839941582992922,NA,NA,NA,NA,NA,NA,NA,NA,NA,NA,NA,NA
"1847",NA,NA,NA,NA,NA,NA,NA,NA,NA,NA,NA,NA,NA,NA,NA,NA,0.951803742589019,1.19726716088752,NA,NA,NA,NA,NA,NA,NA,NA,NA,NA,NA,NA
"1848",NA,NA,NA,NA,NA,NA,NA,NA,NA,NA,NA,NA,NA,NA,NA,NA,0.742192602668061,0.97590353732267,NA,NA,NA,NA,NA,NA,NA,NA,NA,NA,NA,NA
"1849",NA,NA,NA,NA,NA,NA,NA,NA,NA,NA,NA,NA,NA,NA,NA,NA,0.562558346119265,0.849130307172028,NA,NA,NA,NA,NA,NA,NA,NA,NA,NA,NA,NA
"1850",NA,NA,NA,NA,NA,NA,NA,NA,NA,NA,NA,NA,NA,NA,NA,NA,0.871393275301164,0.878798814397782,NA,NA,NA,NA,NA,NA,NA,NA,NA,NA,NA,NA
"1851",NA,NA,NA,NA,NA,NA,NA,NA,NA,NA,NA,NA,0.805067903847874,NA,0.988809028007449,NA,0.86827237386965,0.84998348773303,NA,NA,NA,NA,NA,NA,NA,NA,NA,NA,NA,NA
"1852",NA,NA,NA,NA,NA,NA,NA,NA,NA,NA,NA,NA,0.89825295722348,NA,0.606799605732321,NA,0.95802019024609,0.952076747197062,NA,NA,NA,NA,NA,NA,NA,NA,NA,NA,NA,NA
"1853",NA,NA,NA,NA,NA,NA,NA,NA,NA,NA,NA,NA,1.0913327183714,NA,1.03950305857182,1.0328131248347,0.940110025412935,1.15314606283556,NA,NA,NA,NA,NA,NA,NA,NA,NA,NA,NA,NA
"1854",NA,NA,NA,NA,NA,NA,NA,NA,NA,NA,NA,NA,0.98670921112302,NA,1.37874571570873,0.795831489958052,1.64017488891047,1.27530136592428,NA,NA,NA,NA,NA,NA,NA,NA,NA,NA,NA,NA
"1855",NA,NA,NA,NA,NA,NA,NA,NA,NA,NA,NA,NA,0.968886110371806,NA,1.08507887633784,0.868905851678383,1.24975865427856,1.16605903182313,NA,NA,NA,NA,NA,NA,NA,NA,NA,NA,NA,NA
"1856",NA,NA,NA,NA,NA,NA,NA,NA,NA,NA,NA,NA,1.17702977901558,NA,1.09798619171635,1.18304697636407,0.691979496364437,1.02036565315069,NA,NA,NA,NA,NA,NA,NA,NA,NA,NA,NA,NA
"1857",NA,NA,NA,NA,NA,NA,NA,NA,NA,NA,NA,NA,0.785816662697752,NA,1.1441202632922,1.04316327354671,0.828185469059201,0.731762559328682,NA,NA,NA,NA,NA,NA,NA,NA,NA,NA,NA,NA
"1858",NA,NA,NA,NA,NA,NA,NA,NA,NA,NA,NA,NA,1.3341822678175,NA,1.0217591131081,1.32915158025545,0.704996818358286,0.903686425381079,NA,NA,NA,NA,NA,NA,NA,NA,NA,NA,NA,NA
"1859",NA,NA,NA,NA,NA,NA,NA,NA,NA,NA,NA,NA,1.28288465840738,NA,0.88080818859577,1.13660184533742,0.95136513361014,0.974642765507455,NA,NA,NA,NA,NA,NA,NA,NA,NA,NA,NA,NA
"1860",NA,NA,NA,NA,NA,NA,NA,NA,NA,NA,0.92902288456412,NA,1.20434119543254,NA,0.933208849895403,1.11860615710476,0.942950468116265,0.970373759877272,NA,NA,NA,NA,NA,NA,0.953626500040218,NA,NA,NA,NA,NA
"1861",NA,NA,NA,NA,NA,NA,NA,NA,NA,NA,0.96590105706315,NA,1.05946712119927,0.986230874281283,1.03218456564553,1.14291570248087,0.953940469315355,1.02966737936555,NA,NA,NA,NA,NA,NA,1.31098960913515,NA,NA,NA,NA,NA
"1862",NA,NA,NA,NA,1.12477241046295,1.40363843237168,NA,NA,NA,NA,0.811323814231248,NA,1.10846885585113,1.16510688072913,1.033044693568,1.2024024856983,1.26102409544318,1.21937647301951,NA,NA,NA,NA,NA,NA,0.742145623034146,NA,NA,NA,NA,NA
"1863",NA,NA,NA,NA,1.06503105431757,1.19505739442256,NA,NA,NA,NA,0.903595640731306,NA,0.816763487850775,0.987595282597802,1.01423819543571,1.02977444684177,1.09360798006228,1.31206163789177,NA,NA,NA,NA,NA,1.01468586430892,0.818249201041083,NA,NA,NA,NA,NA
"1864",NA,NA,NA,NA,0.581499089577739,0.461637525632731,NA,NA,1.15904052027271,NA,1.07402510928023,NA,0.656126991187867,0.661529177459966,0.735032039855863,0.357173157048905,0.55972563608496,0.568236740835338,NA,NA,NA,NA,NA,0.428367323677685,1.38813993677166,NA,NA,NA,NA,NA
"1865",NA,NA,NA,NA,0.81405294160166,0.693916563641648,NA,NA,1.64216790172404,NA,1.04557506575141,NA,0.89231542031274,0.829150148015627,0.603236379328499,0.275103781985453,0.992077547502088,0.43882157772874,NA,NA,NA,NA,1.22743535659348,1.1492925135371,1.05642776089513,NA,NA,NA,NA,NA
"1866",NA,NA,NA,NA,1.00658638388044,0.86522996293115,NA,0.74095670759531,0.983194262365269,NA,1.14887526809497,NA,0.965654195962715,1.05556035596636,0.743035581758838,0.556081700733266,1.04625698769562,0.732497144144444,NA,NA,NA,NA,0.869255710005105,1.31454594425698,0.672126188419123,1.01181393533144,NA,NA,NA,NA
"1867",NA,NA,NA,NA,1.17522970312995,0.860483378062319,NA,0.762256372178732,1.29036369530049,1.05896749127086,0.986579202120728,NA,0.765690569878725,1.14408218542952,1.04427861372012,0.9133956043333,1.14279053284111,0.833930665246037,NA,NA,NA,0.843213960995233,0.738885688352933,0.666075759715445,1.17986350736785,0.937315664581178,NA,NA,1.11482391863146,NA
"1868",NA,NA,NA,NA,1.54359237748181,1.00495388005923,NA,1.27390822019048,0.685512654983002,2.51584192319726,0.978437586653555,NA,0.971797783538593,1.0326830684843,1.31792568888019,1.45977222708417,1.15761696846188,1.00727925088926,1.18661102232289,NA,NA,1.03331553194568,1.05564243013109,1.3693335742013,0.843025308245232,0.893518375326928,NA,NA,1.21707660310976,NA
"1869",NA,NA,NA,NA,1.47332403045133,1.39718147424696,NA,1.5118487177018,0.861798400454219,0.424786212644026,1.38543282989477,NA,1.12092025729048,1.2554382653592,1.09012467814325,1.410354643463,1.17615728722047,1.21853905827974,0.913679747981854,NA,NA,0.88279243784738,1.00389710638395,0.962762049596077,0.882294729026645,1.05874781231125,NA,NA,1.43444593868343,NA
"1870",NA,NA,NA,NA,1.06364730324954,1.29862109163312,0.957363711026745,1.06433337532691,0.48614159520763,0.502831146890662,1.21421329110659,NA,0.786032960124469,0.806319460398984,1.05009028393813,0.977106945696663,1.11546028300922,1.04217869053391,1.20023642030435,1.12873469980145,NA,1.21147100631135,1.05114079183737,1.44529817445404,0.596952621678793,1.14384350285865,NA,NA,0.626916007640903,NA
"1871",NA,NA,NA,NA,0.791278230539837,0.720258977597404,0.694248314897366,0.518207715756624,0.331737100767246,0.369183112636559,1.17165793092995,NA,0.588571915127982,0.755854809505476,1.13301262030856,1.17279578335138,0.943841523782036,0.898628880935781,0.838059367778457,1.02824946867504,NA,0.660606464662307,0.943462524418445,0.84540293733714,0.830908998893777,0.741053433863997,NA,NA,0.753799414295239,NA
"1872",NA,NA,NA,NA,0.748512651411788,0.827733528221327,0.727435061773179,0.670272175418722,0.326014713086257,0.450043480919064,0.953913406044275,NA,0.908852654822752,0.792072981727173,1.37493581436999,1.36600227305415,1.33686535338822,1.11376506192957,0.965042388417604,1.11500387968356,0.815373590737908,0.631750925818546,1.02279481212624,0.898275334213805,1.0887244194852,0.927117382159738,NA,NA,0.512706185086537,NA
"1873",NA,NA,NA,NA,0.82657675580314,0.872173202023986,1.0873249815937,1.00922960293279,0.594818652740989,0.901775613594446,0.988768670432884,1.43578544722001,1.27318882788714,1.10937929616677,1.05257119791119,0.849539560213029,1.12439052352439,1.18277345757984,1.02091994485337,1.19494138837713,1.16548171565719,1.31444313443772,1.16885976946682,1.03735999724382,1.25580596623334,1.147556694963,NA,NA,1.3105857396765,NA
"1874",NA,NA,NA,NA,0.738983151143772,0.885722165379644,1.04787513142535,1.04085882372784,0.916830549855268,0.943509274698042,0.708641484743027,0.822609421652858,1.10814956447606,1.03651923113047,0.696028890908854,0.546649415406008,0.971909061825112,0.895596235356573,0.887387692586846,1.11917873406219,0.602078727866381,1.15456329156984,1.03259670080578,0.973376095184874,1.31531479478976,0.871781626398919,NA,NA,0.820378920075719,0.880236316093172
"1875",NA,NA,NA,NA,0.749422757398892,1.05524130904924,1.0838309310189,1.21557121878207,1.18082268953402,1.08838604276162,0.646882041602474,0.736723189899438,1.41072919318952,1.70469052147468,0.804155923796543,0.740263723771196,0.894240010297762,1.09993549043496,0.991063730902606,0.89055458310207,1.12702713852504,1.32384576794145,0.997515040367796,1.0067300282857,1.40732685898715,0.805093411576095,NA,NA,1.0824815598713,1.02872187749832
"1876",NA,NA,NA,1.26011706145887,0.84866881491546,1.35523763430483,1.30710782364264,1.31574516912556,0.722596949941936,1.01990822978358,1.27134440729588,1.01045754917142,1.34388647562866,1.43315161694878,1.17999482576615,0.8870862146992,1.15447658635077,1.22388654224711,0.889676983248774,0.56158729342472,1.57305720772363,1.32100089417289,1.00495529633788,1.25064448773418,1.12933634922044,1.45940588877926,NA,NA,0.930438025996847,1.06002661006601
"1877",NA,NA,NA,1.2517034664161,1.03625320141055,1.44848026690483,1.61690697588766,1.47098238942497,1.58378892626807,1.66146317799719,1.15715386669704,0.870561263074277,1.49412250740373,1.60294445621969,0.97381006946759,0.567086707151921,1.32416495483724,1.35599300269636,1.00027120549604,0.582959593514301,1.15087250305794,1.07882174616637,1.26288498510039,1.15390499980435,1.16594443545816,1.48541802607181,1.89427775576613,NA,1.12611754980412,1.31308528185675
"1878",NA,NA,NA,1.02503165780104,1.09911215827996,1.31288708218884,1.44337711514388,1.2737055540758,1.55839317615175,1.36535513110206,1.04390300658019,1.05571858744103,1.40762720732245,1.52523533797518,0.961931089822416,0.808915365742421,1.04127592148064,1.19732173538465,0.912501478266275,0.65255993498154,1.39045941299533,1.04547929756258,1.23955551243105,1.01299907369747,0.97207437519332,1.50463670981454,1.77679338669984,NA,1.16647293707561,1.11244194615752
"1879",NA,NA,NA,0.77554684618815,1.09391284127913,0.89567191496519,1.12308897729438,0.946515639735613,1.48561768810038,1.13140098838761,0.983029733220223,1.11698832452216,0.476855382792375,0.617309296336525,0.857016387825241,0.959779069280596,1.0105479458513,0.99924710743365,0.727235683521939,0.888657401487104,0.933599278526215,0.849740609162013,0.982579809060137,0.857105813150821,0.842144260458877,1.00234782845505,0.832310006016591,NA,0.809476656842435,0.914611125847221
"1880",NA,NA,NA,0.876119840419567,1.06686991860679,1.01490872471675,1.387022499764,1.00792710830165,1.54383317978702,1.36953373266211,0.79934072086966,1.14046119577349,0.675149846466379,0.417790635537921,0.98937121921946,0.969893495939576,0.736374038633928,0.800192395106879,1.04796193909335,0.988719066968486,0.999875055455816,0.969497762942586,0.902349206280515,0.782163327553736,0.769735190738367,0.917132674923274,0.4239031101527,NA,0.880686292408254,1.01815685377029
"1881",NA,NA,NA,0.82042659603022,1.04846286918136,0.986601114017277,0.8392406873225,1.1577347137681,1.50350024793128,1.13007916608027,0.736147952786357,1.05240760659889,0.709104655053372,0.314306299476261,1.02598885995285,1.24694733774294,0.753048824645964,0.869437647537143,1.17337928387554,1.36755372950129,0.813666783180349,1.29054265789857,0.761700616962927,0.751518123765083,0.89010391074321,0.593311689361114,0.442369956795523,NA,1.12101565296742,1.0811797167245
"1882",NA,NA,NA,0.940242781276914,0.830363021536813,0.891922747855514,0.846771836389113,0.971917308880648,1.12366818749089,0.746271345248467,0.718164460130977,0.792045801883092,0.682927354317216,0.505506937827677,0.945162381616894,1.18967906676743,0.742332138610364,0.770783306556005,1.09569449365516,1.19865520922353,0.829267428670956,1.01850440034123,0.864383227780045,0.922103957709095,0.895891351627962,0.786004489677402,0.428287179487815,NA,0.812183116889274,0.972936886129374
"1883",NA,NA,NA,0.926914930808278,1.07729530931765,1.00448960480477,0.828753735953837,1.38423730468401,1.31594897381334,0.762403163170221,1.04290143784614,0.816181362161652,0.676961648143185,0.62860786624719,0.987385207574343,1.50361960132887,0.890933667636338,0.962335028256797,1.16823870354139,1.57571162761176,0.809174876307315,1.10747086416656,0.965395159286903,1.07479470743549,0.942532052981595,0.977630201547663,0.532486680443189,NA,0.849705187316515,0.55507622486944
"1884",NA,NA,NA,0.950563461297239,1.03149408860582,0.919830714019362,0.355616928597419,0.574048785364655,0.554557482891068,0.464191701382442,1.10447086414872,0.895820287449461,0.764794416829215,0.781165577185074,1.0263527472156,1.20009698161594,0.895948814164455,0.985041706487845,1.35853494319211,1.31965029119345,0.642033692344421,0.844230106420312,1.06170626889435,1.28315408627265,1.00537881152636,0.957108892488218,0.493948633779868,NA,0.924612164453814,0.831091746452477
"1885",NA,NA,NA,1.38140640796825,1.03239376395403,0.939335949802218,0.346752654372332,0.470964098750844,0.567826834249378,0.402587915077583,0.97813525709711,1.11420303950054,1.27637123673744,1.10491734319276,1.32773602752405,1.23193766928168,0.935462527135132,1.26068942529171,1.22468472558686,0.923303556003686,0.741144061650694,0.858140740198535,0.631653951273903,0.7394130401777,0.947309075720399,0.990201171112188,1.0783052657413,NA,1.15173745525124,1.30542378424769
"1886",NA,NA,NA,0.453360810020948,0.6459878760447,0.621701423214305,0.428528529225197,0.285061790402067,0.399264426820615,0.413994051808486,0.791248384780143,1.15299545439039,0.717602865791354,0.774373049418313,0.924720718257983,0.959958392216604,0.892151836573439,0.911078269508197,0.55429137217963,0.620281501889348,0.741988598820687,0.479085567858045,0.488801074209162,0.584098178862581,0.565695486341622,0.536065503380229,0.607455835547806,NA,0.774961477815875,0.933064598706426
"1887",NA,NA,NA,0.491398543188491,0.89941378327377,0.754046556431377,0.459497600964675,0.404658766557501,0.551408168708107,0.380264935199574,0.79398784444494,1.17149091153462,1.06778856648259,0.780540691499347,1.11826094329289,1.18634712133648,0.995730153018257,1.13661236560528,0.779633200858109,0.87276826490456,0.825741419263275,0.672888442731456,0.550222913386215,0.91825774944874,1.12568224193902,0.719184917165897,0.803873135454712,NA,1.06626904070414,0.960388137761139
"1888",NA,NA,NA,1.04616915138991,0.931126168881338,0.817238109607488,0.707755150912659,0.47147633755235,0.889732396498779,0.597350837955649,1.07995568257472,1.17927418710391,0.907272703037987,0.707895355935443,1.01145344133217,1.08972650105038,1.21397064255069,1.38266175959155,0.957870290293384,1.12726436664287,1.33545002150065,0.926887430692837,0.939667849273076,0.954380288881994,1.37181338399857,1.4160065578233,0.775355340378694,NA,1.06883106008793,0.80973847255726
"1889",NA,NA,NA,1.16689448715922,1.12608213078557,1.16619320094939,0.915274821979322,0.650993024490654,0.859893862408404,0.939707638160164,1.03447295832069,0.931268015796946,1.03804587838455,0.9797927225247,1.07682055181368,1.13205002740026,1.39160554593016,1.14655846786561,0.964472987045852,1.03225337835446,1.31384442429276,0.904530142249807,1.16283489342365,1.16305411628565,1.29062891217606,0.908785226752566,0.821854228905847,NA,0.983130133304924,0.877203549970899
"1890",NA,NA,NA,1.34516696857661,1.3645876409308,1.03830308376096,0.921388907857773,0.838564280733896,1.01019548892719,1.08902116788766,1.07312922846779,0.98290342313068,1.09111832987052,0.937505543031322,0.967935592860343,0.891760861580558,0.933865490565501,1.01409447800644,1.12726828335878,1.09980019492527,1.31200672579678,0.965652717934061,1.10224928265753,1.27660232215619,1.25948076176843,1.15817186122634,1.06699652013239,NA,1.4561227992086,0.988798612313952
"1891",NA,NA,NA,1.11667338649864,1.14033012006597,0.972558064786892,0.932803775044414,1.05840295612375,0.87307514517886,1.23136822677877,1.20691924261727,0.969904661223583,1.05653201484544,0.791672024615243,1.22200418620563,0.990967971311932,1.12211423700056,0.758340392114101,1.14521229673155,1.16434857148497,0.999571522072431,0.977334255732765,1.24946085682446,1.15196577746089,0.711550702766814,0.600960794852618,1.29939585778119,NA,1.29505432353979,0.916139815570089
"1892",NA,NA,NA,1.06393776697727,0.89771660600028,0.999175667309351,1.0069327463605,1.09803214827059,0.81609528453399,1.12166471573375,1.11533677259067,0.86499437037675,1.15275807005732,1.06995332746468,0.993622468924918,0.943038198597296,1.06728694454595,0.885005837102219,1.04669507888248,0.653334344989955,1.15450436276253,1.60067280442025,1.31894766727983,1.21786007958781,0.711877819121631,0.731436972520601,1.31765370109702,1.15063589784496,0.986712965074415,1.03314092490544
"1893",NA,NA,NA,0.828623803299579,1.09349466757458,0.939051650004795,1.0707819743857,0.872301436774759,0.84783341024255,1.00275407457799,0.839869450442093,0.705908551610406,0.963362011299546,1.02342530970563,0.682353863507948,0.760644066912527,0.738248438037636,0.697915892242154,0.619081086379669,0.615890615967792,0.861667323679472,0.996285936519252,1.19343955189099,1.0206749330349,0.758657629899763,0.56039646920791,1.51607577545586,1.11525902053387,0.689459482833095,1.02284795865366
"1894",NA,NA,NA,1.00791780480774,0.869073658333731,0.848529415746904,0.918476811687441,0.783894179852441,1.08376416602612,1.16499851482189,0.932682512078534,0.825365629866023,1.52307069808904,1.07547015786404,0.820715796976307,0.691781492624688,0.779949887241956,0.699432210585687,0.856209191009549,0.522551750095593,0.716799577465161,0.718314136646299,1.01727770536752,0.798333589272019,0.773160752676337,0.622190059354028,1.11948061236962,1.10860326256484,0.667026886477449,0.855856567837028
"1895",NA,NA,NA,0.80528689725878,0.871218873371415,0.9247644448857,0.776371862031014,0.694568372478284,0.765386939962116,0.962860534328561,1.02423925939837,0.767002260279698,1.11639661191972,1.08513636335142,0.733892818621046,0.751714849108048,0.700736818159408,0.825561690694305,0.871888531086355,0.870464732851254,0.79128508629052,0.969976815632518,1.17565142836186,0.57483476414246,0.895405421189227,0.719491756059733,1.36083207200684,0.944495090954807,0.624973761402887,0.699445297012612
"1896",NA,NA,NA,0.924943602097475,0.827753331783429,1.06044120293867,1.18238636316531,0.715850171384817,0.766000669246453,1.01098312347594,0.920401433912507,0.784747392744915,1.22643842907292,1.74312821633638,0.876266008354503,1.03807109687674,0.81039796739245,0.8500081126305,1.15873477025388,1.02332671772344,0.670432272424948,1.07727338401632,0.854310242547468,0.685816193965483,0.997840155863765,0.777898830284199,1.18425693843978,0.936783894506508,1.13965751103488,1.12784150464548
"1897",NA,NA,NA,0.915261061499521,0.784415521584591,0.849524523092155,1.02280473076595,0.704524971695029,0.691434427082566,0.756467717876733,0.723656738793211,0.731818153616424,0.989513361566424,1.11893169965716,0.90188793648773,1.03243457146488,0.83046564039042,0.691266020389905,1.16630359859248,1.08947534647483,0.689373916338832,0.856325097892992,0.872981677066382,1.0905973328558,0.771400344418092,1.09016383256739,0.816905288270146,0.647710231873382,0.730213096680236,1.02226885139598
"1898",NA,NA,NA,1.05390853492375,0.750563435280831,1.14989101638886,1.27947601550544,0.988703269532781,1.09898900778872,1.04612135855941,0.779926809649413,0.862286753296291,0.966748759260054,1.03715193742137,0.938111148673478,1.11268300179577,0.649556735516781,0.994377839696309,0.936728733502333,1.05368627268412,0.463296271748126,0.823229714782943,0.97189824533755,1.28003916841667,1.04963197931175,1.49305602343972,0.793785267902392,0.630477144633951,0.774880718599292,0.918780444886166
"1899",1.02181397279205,NA,NA,1.16644622958163,1.28909528450115,1.15608052260927,1.66698220771715,1.58326829419203,1.62263844677399,1.75096171245831,1.0561989720444,1.36647855694259,2.28111258040458,1.85934663461871,1.04951318259252,1.33341711641176,0.67587293276355,1.29329764108742,0.907150027877566,0.848027260230539,0.520470127731629,0.80585137585086,1.12122244472439,1.25649914334041,1.53642961081241,1.81820956581965,1.26334336120299,1.03418127100139,1.17917355679204,1.48624746681743
"1900",0.925500065808663,NA,NA,1.11745900447085,0.790981292373335,1.19906170808651,1.30774037331025,1.04353339378018,1.45291611113706,1.16500103573074,0.871681993438563,1.0485042423854,0.705063266855042,0.775274668686577,0.724163869046402,0.72422709668853,0.894357694222204,1.04067042321974,0.822492086004489,0.979816321477228,0.611501480677261,1.16409317516801,0.979700188408361,0.828959434780789,1.25635584179409,1.35541101693703,0.935340713161463,0.763606475266567,0.811430853350376,0.904459008814019
"1901",1.32939027170258,NA,NA,1.28269936521704,1.27761852773264,0.898052304254376,1.23766337856405,1.66167038740798,1.48622881661591,1.18115419129324,0.909625653393261,1.26641058025507,0.413700869934322,0.821275770337786,1.05022254459476,0.922041103202359,0.939759602734269,1.15659475951484,1.58361758820762,1.36666253139775,0.656553979444152,0.841877928096077,0.861222239824623,1.00085762108792,1.11908626879269,1.31835080606089,0.927395359494504,0.843912966544966,1.01818374043747,0.977201889767074
"1902",1.1376440926916,1.4729651196782,NA,1.07299823090915,1.29753314258327,1.08731373194818,1.14280637565498,1.15770824788858,1.52922400345913,1.65147809747949,0.91291927238457,1.10458731912704,0.361840190787451,0.818850829036379,0.839405569328994,0.83750623682102,1.21199083451488,1.12695497421449,0.823163581513461,1.04955979940885,1.1069984310742,0.869501733367406,1.04716078090111,1.07248651132428,1.21365464442292,1.18954719816414,1.09588872462507,1.11300307406688,1.04760210060306,1.03159032633316
"1903",0.967581452034415,1.00851596450111,NA,1.06191575798288,1.30776569563879,0.910374676806841,0.977512828272316,1.12011122755502,1.26846468628303,1.26458551860126,0.798466149256719,1.00546304416375,0.348994911628849,0.909092330911806,1.01446762618808,0.845705723649972,1.12819377252855,0.884162206418257,0.986552096197472,0.840399074611178,0.977023216120381,0.91959155774791,0.894403427623539,1.10776160656591,0.796773194776156,0.8352995411468,0.761848943033778,1.05651032396343,1.0276830700023,1.0802841384199
"1904",1.0554481287904,1.12425495442909,NA,1.29478762325538,1.1857054694891,1.20231201450764,1.40710851289503,1.75269826307326,1.96611181437337,1.54972650714608,1.40193663953752,1.25580909244496,0.791169066276165,1.20839973162246,1.76419645220429,1.851890602139,1.26420063338476,1.33130369457646,0.770818892255961,1.40431876051449,1.35042802619953,1.11397825378063,1.07468903786739,1.28772412822891,1.06365590550713,0.920134868892304,1.15907823639708,1.18720202856229,1.68079817941989,1.65947399020805
"1905",0.847514079182999,0.57889745053673,NA,0.879841234199783,1.11131657206364,1.35725683636928,1.01436989098183,1.06225069956762,0.57312413775578,0.464649664594372,1.5442571412965,1.17963616129947,0.741392684300176,1.03436285830679,1.16834485379644,1.04310223020894,1.29466385201821,1.03199761214451,0.825694382670443,1.18764264558361,0.769469355999765,0.727040608868435,1.07636244312356,0.881338784878222,1.17994848467113,1.03967380839833,0.909043736481835,1.41880778463265,1.42386328963141,1.26923619971826
"1906",0.866257413241713,0.832399740821234,NA,0.904903001360323,1.14071115821311,1.09859922209263,0.903419964320479,1.09472965961389,0.354920620900008,0.684287798827763,1.26312979068931,1.03338524890926,1.10367177179344,1.19431211113642,1.17190861349888,1.10249508773737,1.2485580613237,1.25341397368498,1.48314560804719,0.871598598155625,1.05538162026933,1.05017256002656,1.1670878442973,1.12159550996674,0.953058168369651,0.845902191392102,1.04872686744272,1.10771811487454,1.11267641881094,0.908042538612273
"1907",0.839601714196483,0.907914656023307,NA,0.811210556785188,1.12979492525315,0.938642551239839,0.949154367639745,1.00034281987619,0.523498320256091,0.709091307462599,1.19030144383523,0.895263184313083,1.01906294235702,0.84401910806692,0.984183185761408,0.710536614181732,1.35247430858515,1.18211342160685,0.843190650904091,1.00861109298755,1.07915687957262,1.09359697290285,0.889284450412053,0.867102601498308,0.812672140847743,0.973885185641942,0.948621959516575,1.05561825688493,1.06485755142911,1.03899400905174
"1908",1.05071481159872,0.973532169449068,NA,1.11370274594832,1.15180287158505,1.07600451392415,0.879661005161724,1.05341232495565,0.8132390860687,0.815580583162088,1.35764904621311,1.02194778410641,1.11435752805012,0.970346554798749,1.29666665530151,1.00982424794523,1.4410752019449,1.27217861135566,1.34838410712504,1.94897615481166,2.11420561654687,1.98818925639951,1.27061287010427,1.14985325962264,1.02229616283243,1.02793511578039,1.14565825140196,1.40460169207201,1.39524383274277,1.09379300007595
"1909",0.819465454997178,1.01863379588405,NA,0.735759122687732,0.881048962279715,0.960676383666676,0.991218973051904,1.07243648133976,0.958096721994835,0.903636404833117,1.00692511543703,1.09475106238635,0.919941855854829,0.835698077169964,0.798747983466094,0.652147656709534,1.02027844859343,0.947703354254192,1.19498287048096,0.75812064670591,1.63271023405335,1.43447026560355,0.986232187707005,1.01589153854822,1.05341011990746,1.12734185192148,1.10866285799057,1.03462415485429,0.991490661205648,0.798117182718749
"1910",0.833699479813309,0.800846222442629,NA,0.736529380383854,0.769262737232569,1.20345092121759,0.90360281468984,0.793647881154586,0.860031820403668,0.809615834940956,0.845600229896387,0.993149482348069,1.18737936987546,0.784118489548846,0.636008313316719,0.587577924314184,1.0187719541145,0.879122541163615,1.00857678522143,0.894816985870995,1.17450992311356,1.09686161948234,0.899917756328989,0.922769572954189,1.03310382634844,0.824938696115433,0.914509398620123,0.981263746083037,0.734385217875674,0.855331436162341
"1911",0.878851094862957,0.884949123935513,NA,0.7924962359238,0.969978344022084,0.92805702143601,0.770874200013275,0.813995411017613,0.781112634166779,0.784284751596974,0.773182553821345,0.963933483659087,0.937951638963402,0.849347243087616,0.806217516022703,0.959364876361882,1.1757613904177,0.907358403471871,0.992935744370094,0.881342712789102,1.04913375228377,1.01481034176955,0.949290708408453,1.07945258883008,1.02634072216613,0.791539845035869,1.09034208743544,0.951304371918403,0.970745780064447,0.73738814998631
"1912",0.836320685890192,0.958132552788175,NA,0.886084307892144,0.860207613257956,0.782096870638809,0.776207950184314,0.753244241189176,0.605520383826775,0.703722974172558,0.820737803250888,0.82885566941643,1.08664267585804,1.05237063213502,0.765947697014175,1.68040677887032,0.900869592920532,0.797909951155668,1.09585044052062,1.25657701000715,0.918754531822669,1.11595340922177,1.10094823066105,0.932161974155986,0.823742860361194,0.856530126714783,0.983073686865081,0.907361700241307,0.790233193664922,0.728015176603849
"1913",0.708564405709624,0.697671610812484,NA,0.692628267682378,0.749644072342919,0.857316290420553,0.776817654862423,0.756769908108938,0.795603491755491,0.708415226428852,0.742554502362101,0.608412343662847,1.07056291608285,0.883522175100543,0.641846677898676,0.791640797808728,0.786825317584333,0.686973530743631,0.864715655831166,0.767196029649165,0.908879185627646,0.867757546756386,0.874963626773526,1.00460598191029,0.748189844468794,1.01528001765511,0.786263923594529,0.696076739908546,0.793279231279876,0.756880514674013
"1914",1.22067060118981,1.1383132946397,NA,1.21082465409882,0.739153322840634,0.742332719339987,0.846487522110036,0.943680938203471,0.668666305667207,0.803468838360619,0.719866363975723,0.951779012639803,0.939749103215358,0.970970685404126,1.35934981435593,0.854170850421555,0.698866374064966,0.935678194621958,0.985685426966221,0.969403221483008,0.793499387652532,0.722045964234479,0.896354767006724,0.896740099554977,0.888251661525552,0.766443330703773,0.883620563362136,0.832968530133752,0.884371906326807,1.01122759470483
"1915",1.02281624074719,1.04348251732725,NA,1.05262106371346,0.942885788486154,0.893580350338679,0.900179139424568,0.886998326721723,1.04780282924487,1.04801868388745,1.14456985498453,1.15383424001177,1.06400555753013,0.96981476422171,1.0027014073284,0.838798295636121,0.862790988272401,0.953708704724864,0.941438256146393,0.741414710538095,0.863193728907112,1.04186998560803,0.934827586488335,0.99171185298627,1.18207440998612,1.02255160153746,0.949688907394822,0.952168014838596,0.878739110316985,1.01794354845388
"1916",1.10463892160264,0.962281590196603,0.868859160444862,1.01274156276002,0.688519479065246,0.646500046687086,0.897462614608517,0.861640064554154,0.998662547205551,0.743116127353886,0.989531506565568,1.06349252096231,1.22901801927906,1.11237371972134,0.826265538751444,1.24990253162245,0.746990437674077,0.938708786048341,0.944882544183237,0.89040599064679,0.757210955846361,0.716081813044964,0.950351982989527,0.722790829747212,0.99429536962628,1.12737390189596,0.840268342684489,0.923505582497571,0.749418488714178,0.779467708598525
"1917",1.04108935065496,1.14223486435796,1.25165272841643,1.64690826640177,0.930865554779231,1.04015695927208,1.15866844596415,1.10118862129777,1.33977843482335,1.26784518848672,1.36775406313381,1.3392182914915,1.49674546431523,1.31076261321882,1.62657344718927,1.13504165620461,1.00486040530328,1.0866794014223,1.01620696691047,1.04464584615354,1.07167528251714,0.982140971890261,1.18372163865064,1.03719758399735,0.941679622626186,1.43350365181684,1.19928996307308,1.0300523136344,1.08775562767811,1.21011001016074
"1918",1.22654562871341,1.49717603312104,0.903409124681418,0.836447419434213,0.751517179817487,0.878592420092001,0.988860796256136,0.94360901970261,1.23802307242312,0.917740240294311,1.17703104139733,1.13806018479905,0.918135412097598,0.786099535919544,1.46255874442652,1.15902362974587,0.992260925562417,1.0921446173664,1.04133900348157,0.912674982294818,1.13750841118544,0.918909732590243,0.942586591151737,1.05084269831741,0.97729941215173,1.1395584456682,0.896643828673454,1.13723819946248,0.950786586794263,0.868300375731825
"1919",1.01193918619446,1.14026830387519,0.89733733053147,0.980431090132792,0.867178240400547,0.797921351581717,0.674748434636187,0.790516958528388,0.76529605118498,0.989321677846925,1.03199227936858,0.986313391181227,1.1084808351298,0.951316955306258,2.16820692981004,0.835502154912156,0.998148705378218,0.822988709035136,0.880899503808806,0.996418274548775,0.965910221501456,0.591706535295502,1.09996988961152,1.0617130906726,0.878902697323046,0.911166559093835,0.862503390682089,0.992487767290332,0.906143784219313,1.03613350410712
"1920",1.22321641613419,1.18337341189762,1.0704081309651,1.61182807585703,1.28396668818985,1.00516910754465,0.94120205191414,0.984743062349353,0.983899543360188,1.13445636917539,1.14963665125766,1.2248945892866,1.05534605080709,1.18782143802204,0.777744615222028,0.945635334897514,0.936485020500463,1.11878584729047,1.15177506659566,1.20981261575834,0.939668874576182,0.922562011223632,1.23840062767958,1.0694193422439,1.24412084280605,0.790870607182935,0.888891096144532,1.13465275797067,0.969835459750675,1.14697844048512
"1921",1.01218599971061,1.00207243605668,1.14163617775143,1.09551996718583,1.06301368538361,1.18023718782661,0.935797144419524,1.04589660227228,0.979946412578985,1.31268319773734,0.893003198783971,0.789313293221384,0.870853096382808,0.850892702810799,0.622726502149699,1.08444886497824,1.02238781993347,1.02205275568494,0.786815528507285,0.973457552831926,0.764240661635039,0.932325057223201,1.01307207199528,0.920117816433696,0.908643568680905,0.743479599268796,1.03780704596433,0.940526688628913,0.965975303873011,0.887585245171679
"1922",1.09819030764061,1.05138393687201,1.12894464575423,1.33069177830849,1.04699460306154,1.44740094672683,1.30038011269337,0.916913664210697,0.97736001423679,1.13225248028841,0.87119394109707,0.764122063267861,0.938897062160866,1.03213762718319,0.825180300572249,1.26592266471343,1.01285463575311,0.971401902560614,0.78252464613785,0.652056412608248,0.906322383493362,0.871496246755172,1.11076611941369,0.931077829313791,0.65240733707781,0.587727097384055,0.960995729619761,0.978177470693028,1.32793494436212,1.24659704763638
"1923",0.923564892419681,0.856837519033276,0.932927683548405,0.787394464138722,1.15332742267479,1.0482667856762,0.845876440999538,0.659893967474838,0.624380392780543,1.05837366031397,0.633130858996348,0.751158945122253,0.673222713219417,0.782442005184212,0.441122314738442,0.961731243497732,0.764424483065953,0.711354718705228,0.764160638970699,0.774854082783087,0.716294533737757,0.847976632913485,0.80524421056639,0.781919364670685,0.929390298162599,0.63782508716912,0.76849503947932,0.923006331449623,0.784355493126213,0.859956167792488
"1924",0.983609252732837,0.804262038321161,1.00601868042453,0.727139975155768,1.09411362229979,0.974314911699735,0.789862808934717,1.00513099946012,0.735482862503159,0.740070176664385,0.931551476774435,0.921724931682438,0.947936812416049,1.0022185166305,0.823718351966933,0.610812278801901,0.700187783961732,0.842301121792471,0.679665795590077,0.599604047337272,0.879473302802406,0.852780172252143,0.852627621416403,0.836979602034788,0.980855911070127,0.89173101338314,1.05323533538189,0.910629416507677,0.910586158667834,0.590919479189508
"1925",1.08754116060377,0.922255991259772,1.02300657717757,0.743671460674061,1.10332157116946,1.04951660879922,1.09257279108196,1.00355058935992,1.20130948354773,0.971404669650794,1.1528069292563,1.10092216832291,1.03802846022106,1.02758326819074,0.788695095769023,0.59281913506335,0.855572415906328,0.928597854054785,0.810251088973887,0.866125180307027,1.04127051148684,1.2640116416487,1.0391396329744,1.04579161060104,1.12949004906671,1.25450404517576,1.0986190003472,1.08016001641804,1.08716362415032,1.35748740542691
"1926",0.95965748450782,0.766833607779919,0.877785130189606,0.93200881556182,1.03114435410886,0.709608399555481,0.945220286502235,0.871320718044177,0.623904467966588,0.596991525202796,0.963149867307302,0.989313155271768,0.850238723469991,0.861056939591363,0.453260101127171,0.60201844374038,0.824400518976848,0.970358165806092,0.737773831411003,0.59230065968851,0.764276800654054,0.707915281734493,0.958703425620756,0.755377367992278,1.13048965950046,0.950289021594246,1.03891228554608,0.760168438187332,0.963513116172468,1.00947126108147
"1927",0.979110912745035,0.902771253522467,0.999316135724878,1.17097396043832,1.10834586785055,1.06782195763747,1.1134558099149,1.03613680913663,0.718239390986783,0.801421303007639,1.11424787487294,1.13655536140461,0.790554338422365,1.06870137497978,0.672966519239353,0.694955882571332,1.02231768501284,1.15704606687122,0.919362186201902,0.624147999005341,1.04427549599359,1.06738872067484,0.862598791720304,1.06120410917481,0.944712148391391,1.11681832773858,1.12964393686232,0.930687178055924,1.17025110706246,1.08651598542926
"1928",0.980315104440366,0.754393273694688,0.929860415573634,0.859099211517891,0.90226576867757,0.868313413425417,0.881919836244195,0.938644628927189,0.919177692994077,0.719889785009764,0.766305981875298,1.02672580478019,0.94945424179776,0.841882626950979,0.72438721295984,0.846739989891713,0.916845977781812,1.22365502429132,0.844574181583654,0.728945555376216,1.15213209503553,1.12561985016464,0.844370134691328,0.988606631976835,0.759000925392913,1.1080215137115,1.02559101133243,0.969586624835272,1.00306890186559,0.896542073153145
"1929",1.01969135141422,0.991829293077922,1.12189086277632,0.894189565321029,0.885462276457668,0.908748770655849,1.19148715492155,1.05783112087031,1.19440224334287,1.17262112471811,0.914939908696813,1.01722401376144,0.803321083946129,1.03861891616859,0.83646689857791,0.847511367794872,1.04339390525188,1.16311653512014,1.06623739377698,0.965339726677898,1.09498236152215,1.07370759668404,0.886661919584449,1.14563212000019,1.12688585874218,1.2509636221694,1.13920386837796,1.06380092261311,1.12867386471903,1.21287276342279
"1930",1.02666905217522,0.992694410687892,1.19173427026463,1.01021699468861,1.06913486672969,1.09957223167575,1.08369073457283,1.22521480045176,0.891301217436213,1.06183300762281,1.02854484505026,1.00290706422677,0.973957654714117,1.03633209402915,0.969127739162403,0.78309909726817,0.976564636071056,0.924417704451812,1.54127859982158,1.65536654029022,1.30928857281477,1.05488420645843,1.1090496431615,1.35072541159744,1.21178128605719,1.10051987829029,1.20256131953412,1.01594573632045,1.13184529247263,1.34271455058311
"1931",0.904637054058912,1.05159517320829,0.892913741817812,0.82822806238068,1.06499599745687,0.865504495406247,1.03274226124237,1.15998276982982,1.18507889635024,1.12163484508078,0.904277488184422,1.01159331000751,0.768923873177778,0.800781901956161,0.791420540696059,0.82352880483856,1.00183912354284,0.797849060971545,0.872996055025033,0.986433110043148,0.954254424871763,1.07975046133063,1.11834724064564,1.05245409684249,0.960727778964784,1.11536553740336,0.912681075132713,0.907195202480493,0.898953344257603,0.895485104171908
"1932",1.08353983851061,1.09460578186363,0.774670486560747,0.705218822643142,1.0476509795147,1.17163180536242,1.0959924898928,1.11605943251911,1.14792823973999,1.41902419379581,0.907250799893188,0.992748155231492,1.02632145581961,1.0925208160603,0.848250869812159,0.792840864268309,0.963301433782846,0.921579937023906,1.43295544989773,1.26294105529861,0.837584533351897,1.08424308603466,0.876939304732354,0.958379898829631,1.44643668218596,1.25956333077888,0.863035000831211,0.987007261181516,0.78692500369937,0.919625875520938
"1933",1.07457861707507,1.41911045941433,0.847489549500667,1.20919209233225,1.0435874895424,1.10989932390408,1.46033209592975,1.37450008678846,1.31714577434946,1.43439057512997,1.35782898842628,1.51589658587729,1.44893051821767,1.6028994296982,1.26296542315426,1.57291303517188,1.2644925991923,1.11787590342542,1.53838393987448,1.47332514875139,1.09471883269596,1.12201096806399,1.20819039201587,1.23738371928705,1.30290842479474,1.27257224414714,1.29252035602128,1.29516543088731,0.877853844997857,0.932232306379455
"1934",1.02546337399099,1.21724195157992,0.844833309178823,0.951281726067703,0.868285411829684,1.03458459789447,0.951446879823515,0.969942325037809,1.13243574384788,1.17148299302312,1.29465583244983,1.14080144143003,1.35327811561902,1.33696251388754,1.47725071321548,1.68761487381802,1.22576583493102,1.07547211863703,1.19372104065873,1.07645442301878,0.756439579676478,0.960732041476875,0.786970649457575,0.861649743077475,1.03341742798616,1.29027287866574,1.1020700264203,1.14144438067043,1.00781588021088,0.787161065447975
"1935",1.05814985843513,0.996796410816735,0.819792906589023,0.892854351795583,0.811978244886368,0.972311556262217,0.950134280357325,1.07731916160261,1.03267713686308,0.978611319153609,0.760985963274906,0.966229717444675,1.40588936934839,1.13950868409661,1.22381164525953,1.44960065842217,1.32695100225561,1.16852743771589,1.21635719275997,1.12273912993147,0.694000345951978,0.928135328554004,0.701679200367883,0.820614398353023,0.819736698136127,0.973925372555999,1.1398450340653,1.28946515798936,1.03432297416722,0.993298425008257
"1936",0.835756999097058,0.768638794489811,0.854749295281966,0.91620288310285,0.886176804834309,0.887225243289349,0.902033429162123,0.818881443161696,0.969813816709546,0.845632669573431,0.880708727234853,0.907710689271327,0.733078795360803,0.82962364998585,0.90328086207078,1.24130943151813,0.867246048104994,1.15163039227428,1.09218509796894,1.11275989719883,0.686028376475899,1.0870343051443,0.802232084158163,0.706857237855988,0.717548019843457,0.594609778733263,0.927275281947345,0.75582763552132,0.857880996674871,1.06734825144651
"1937",0.797074065851344,1.02244567878322,0.904454560584951,1.06846816806694,0.855822534592583,1.0155937842787,0.886720226839455,0.832645375947439,0.961939487813688,0.903605644214707,0.789770697827694,0.744040252693175,0.936586857804527,1.04372918676736,1.30311994891876,1.53204301921506,1.01884553560491,1.05582433927955,0.752726088632242,0.925974273370577,0.734088750465942,0.782840498738884,0.89240237166714,0.897527058358727,0.94428302010087,0.658496448924445,0.876073516287137,0.988377217871875,0.873522326423553,0.828715965001857
"1938",0.982251267263948,0.768106381562198,0.97813045418316,1.1861244375009,1.08434548006742,1.10296169937486,0.947591049848695,0.943653385490753,1.02140655211549,0.844181329439654,0.870770357488516,0.693529483738567,1.02249526909462,0.803655183420086,0.981146252878314,1.24661247466408,0.959237393354753,1.14758775370209,0.866283438690771,0.889581015826638,1.02377977130883,0.892398777015347,2.00216071078236,0.942235980525144,0.896978251471385,0.764253576870998,0.876530325513433,1.04644410994285,1.02890213223502,1.181144674951
"1939",0.947215692856518,0.807983738789101,1.2449218341591,1.128668976952,0.990781996503826,1.10662370428652,1.18726138940125,1.15003646543989,1.15584872838034,0.999758385999085,0.969548758380983,0.97635702114794,0.875897760039659,0.876736060565802,1.01587492498833,1.1728371572235,0.962129809315696,1.03517019993748,0.690744780635528,0.831282285132122,1.13243494431732,1.0051311918604,0.968847932410072,1.22918545990272,1.06764485550845,0.982177033038071,0.64795526571193,1.07666789478712,0.885249799185363,0.912157638164063
"1940",1.01745170787284,1.15260928976375,0.934011091689631,1.06643127579559,1.09233893450753,1.03476459584845,0.855452151108561,0.901590864390394,0.937914085628158,0.938524188012502,1.1520322086325,0.846182734237858,1.22677273697421,1.04342487978597,1.23811919826898,0.83627234907844,0.920675011345939,0.788786323429925,0.801257369816205,1.42494056198583,1.58451230553645,1.20887434542068,0.899316017835088,0.94003934104255,0.842097696862809,0.769811260162664,0.720846179024496,0.637270534277132,1.10110460601398,0.883921027684304
"1941",1.08561284086107,1.29515354558722,1.22343941229466,1.0599959811356,1.26110877297351,1.10842014692407,1.17129731621208,1.27329705072119,1.37657194891128,1.13379822103636,1.22204845608655,0.910931988255851,1.07711164839174,0.923088551040173,1.13392560715201,0.776565495541638,1.18933220601324,0.950897652946422,1.03835585542688,1.32668107202468,1.21651989003648,1.18082834841221,1.00105305941286,1.22113335278858,1.10294982283963,1.0604303653958,1.12787422262417,1.21320077928608,1.22977663263016,1.13164392508803
"1942",1.08645743935427,1.19997376612622,1.1112108007832,0.831987629222749,0.930659478463517,0.979299654623981,1.09676313332303,1.15430301244416,0.988934116535171,0.850219169661255,1.14096595549329,1.01014383496694,1.0726318485291,1.04440472504438,1.31655733051331,1.0114942592335,0.934730113889093,1.01930588449534,0.98737489107827,0.920045245895969,1.51836612721032,1.00068586409229,1.03847486608397,1.19309087187594,0.854568828328233,1.01302912647648,0.993125456396373,1.03615259008718,0.944948404656124,1.05326421687232
"1943",0.808270144516974,0.853582812230531,0.890207161872503,0.685453018798998,0.677343235218037,0.673811020730277,1.09389997468981,0.99942662977525,0.846591807179217,0.845104313253352,0.983221889809235,0.775800658943577,0.832165613093764,0.740747796909,1.05520656837517,0.685958965666863,1.05484206056261,0.994001155976855,0.840306112623626,0.757627064025352,1.01526895763218,0.999024256849878,0.727319085591619,0.787748029130334,0.873211198420436,0.791506394264171,0.802746942637117,0.757275569186196,0.760939711197294,0.865572590571088
"1944",1.21733678835042,1.17317826410808,1.31110041744124,1.53465957966625,1.68621300142168,1.51796940725262,1.27564789488796,1.22954910616689,1.22954541580687,1.28110480602935,1.23141945227676,1.33537825348745,1.45238358728113,1.27478020579857,1.27732968737801,0.835161130329254,1.27535735161097,1.39870092051342,1.4588891234552,1.29725344012307,1.6268473933762,1.29196008261025,1.24320108878437,1.57450651859196,1.55208861183844,1.50974405772024,1.52418359706733,1.18014585824802,1.41688104019158,1.52501456534487
"1945",0.865164707908399,0.883284063889001,1.05318852737746,0.941184074660501,1.11040373210419,0.985990461699518,0.86198515038232,0.958719083087363,0.903779924711309,0.977165688881731,0.881831973142076,1.05704926620035,0.929700754174543,0.786230645094144,0.786182291938867,0.899309436343958,0.760082212960371,0.877880156862396,1.16396738348252,0.792620889009536,0.853802270621412,0.826860593196963,1.01361405867019,0.891937735093799,0.912583393095812,0.806083227093106,0.990364903864142,1.02852686392464,1.00757617986269,0.852757709037434
"1946",0.900613775914673,0.905107397231705,0.97899859695533,1.04710719698655,1.03667895616978,1.10390257308702,0.951916898064389,1.0155946782118,1.18020733997583,1.18045584423493,1.10891235742016,0.939766304006902,1.02308474650591,0.836502528719305,1.05750699899029,0.835926714421545,1.01853238630811,1.02186896535781,0.972279415989481,0.91299295984053,1.0337005511805,1.27586002399082,0.938174442265909,1.17400045446662,0.825118666335057,1.19982377949527,1.24927367013923,0.916083284678616,1.16574771190315,1.01126805149682
"1947",1.19629941942932,1.15967750991122,1.01994654067347,0.988938323249608,1.22810361413089,0.954385999083407,0.898650555025451,0.932740600702799,1.10073431151515,1.00985526087374,0.945543407218277,0.902468866087203,0.725404911279486,0.969511341329636,0.965597416877053,0.715263434016359,0.90217397495691,0.883601268210445,0.77939500794624,0.739632932966138,0.631489007689803,1.27241159293875,1.15620984922987,1.12565634552105,1.09265518009844,1.00439379582782,1.10399697392394,1.02971028937308,1.19780189552157,0.842484142146914
"1948",1.28963919552036,1.14999237710872,1.23983877785725,1.2081922555798,1.36012463391776,1.65585477092244,1.14279541338612,0.713543696614245,1.24722155544145,1.37614262045954,0.875103280375287,0.726311609526817,1.01319308929104,1.19778901030604,0.806462542854013,0.678749818913649,1.15647754907779,0.743181060076586,1.19067532616408,1.49639361753079,1.12987340812329,1.07025812618005,1.69332381898558,1.25617123414343,1.10266681836344,1.16985524077653,1.15904568030286,0.845301638445468,1.7960311995612,1.70468134260232
"1949",0.967844042534873,1.10908212210169,1.12005026007977,1.01704459781775,0.735494972244668,0.802611093863453,0.832898261152699,0.810298541524722,0.839309735493859,0.931646447809002,0.821647677818597,0.775837179965815,1.12083179153536,1.13032324337017,0.799969857486342,0.606061460462948,0.953000937249668,0.601051835091154,0.853591400330814,0.659658885918339,0.800128380682274,0.823211776955467,0.805612261924251,0.726331141826287,1.03960589348444,1.06389881442821,0.97612622838612,1.2566285409908,0.904770946729122,1.11976167327304
"1950",0.933135849988294,0.991998146901377,0.999130590195419,1.05532364871299,0.634556510984917,0.6261047736452,0.6625953595442,0.910436482945444,0.913231100710704,0.877789170466368,0.729645080167003,0.876494038102049,0.610059110176647,0.855511858863775,0.643819907904705,0.762913268558501,0.830196368304173,1.07002514409244,0.814001749711663,0.829415521491453,0.791873441788863,0.815236469652285,0.634828589639608,0.808090042255662,0.913244216887953,1.30020729925937,0.753791229578185,0.886312093359528,0.969203537235053,1.01849503976737
"1951",0.862820167884296,0.827599542285962,0.948657188770092,0.80450384351911,0.727875674519477,0.623191499282295,0.845492663671947,0.702705329299874,0.680788027576423,0.786591916030323,0.819886285496489,0.723584180063641,0.638165823436689,1.03205815991067,0.94904555234658,0.823436168479042,1.06276061042915,0.826443885622433,0.594093184229225,0.624242160771695,0.850748913615142,0.940626151906058,0.85959005866584,0.681045902976879,0.854948801805846,0.621041571814555,0.80086397163305,0.902511598178556,0.685103662349165,0.973007830610876
"1952",0.846405605095798,0.659006809483359,0.683964274049644,0.703934133415779,0.664610929776537,0.737969333072159,0.705715486662545,0.866738583129332,0.734228828147896,0.661471292816772,0.76206768518154,0.763435835497851,0.838420123697633,0.817919218279844,0.257270911641045,0.825533793718986,0.937105437524106,1.03788817358634,0.749443638434391,0.765088642762379,0.492696447172383,0.678063518522803,0.796383191333755,0.901732435302484,0.670483301006688,0.485465136212358,0.908385087466486,1.05512525938931,0.771159119893643,0.74656507546846
"1953",0.745921391740483,0.706721943384208,0.673700148890612,0.960677584362012,0.95032565198065,0.644140963957254,0.914267121681882,0.958762799074087,0.838533482195989,0.91435874402251,1.0928111845618,1.26848994872905,0.868172205119214,1.2254285814991,0.938185029773819,0.982063350319869,0.956181447481346,1.17486460496869,0.957920475027825,1.00972989988027,0.591624797634928,0.473368352095539,0.819682682511525,0.939023750684541,0.787591714162524,0.887387613826258,0.971198187239495,0.949788377959783,0.862970580295879,0.862428501744822
"1954",1.17359901302432,1.10716176052076,1.16373345018406,1.15405151815406,1.11055194626186,1.08520801591915,0.982523390097554,1.09221916691512,0.841534854022704,0.943247703563394,1.14365067912331,1.47203453144042,1.2480657110442,1.22064638355748,1.14231235603109,1.02428019557373,1.26298279927101,1.21086517952977,1.00568446085344,1.04485297364496,1.18236241111668,0.907843577663123,1.01633448381018,0.778934953717538,1.46808068588851,1.45152407974769,1.28371623023351,1.1058300149515,0.857355489220228,1.06721779076372
"1955",1.23620838675725,1.25925175218353,1.49090051852352,1.23341679007465,1.28672968612429,1.34317104939908,0.960719929906259,1.16115415246459,0.836334165336643,1.26213081250717,1.56063339406538,1.2388365401871,1.01874754201174,1.07013335676164,1.46912204557794,1.42107702624155,1.09413105044387,1.11805448100619,0.774950677741253,1.2710639927503,1.17213549312587,0.947486321051686,1.6103389206418,1.21911999403556,1.08829162041497,1.49129978077519,1.15730367811208,1.35391237459808,1.17824364162631,1.16494780246988
"1956",0.929689086171625,0.959235599771196,1.11863574381484,0.993325669443152,0.763553786555081,1.05850893646057,0.865663047526914,1.01203656087929,0.94927519950096,0.893099632181452,0.849427961808693,1.10926877257398,0.808433159066237,0.790322171801289,1.10837517892141,1.14206531823671,1.09716143324303,1.10801483545026,0.809618310769676,0.490836013856213,1.04597859333476,1.45814338980884,0.913955198072187,0.982477931072451,1.3044362774277,0.843806021286759,0.896054639900576,0.843777064942845,0.952241728572167,0.985907354829933
"1957",0.83092948403057,0.764624246866128,0.990650822890525,0.802477451110228,0.548857842892035,0.777899065617965,0.89305443203753,0.601518001480313,0.521883793450756,0.759060483954201,0.814303683135888,0.986560904818875,0.729056416968143,0.744159142421249,0.76919679424871,0.885804396849517,0.732773811481468,0.86624222237859,0.796752222414944,0.575657258645014,0.691866743923554,0.784833004454847,0.744264332003735,0.854509118351585,0.993237149371418,1.04958415984683,0.820263408361884,0.647177861731619,0.928486166146801,0.894892016717189
"1958",0.878295774979171,0.966980244498375,0.97522304900348,1.00703123150763,0.929387573883911,0.764517515095198,1.02377229142501,0.714416212974106,0.337632495184487,0.843112936453087,0.904731703121231,0.961862289121738,0.679859631452015,0.545759496341472,1.01219951562538,0.957791039624626,0.705212336230963,0.821496830936945,0.775962098107929,0.540371120850012,0.739437310503754,0.685158135828859,0.788383872374592,0.65440929233033,0.756603670313538,0.763250986882382,0.884980001175246,0.794943866638527,0.73175497334589,0.657064439856356
"1959",1.16607504576579,1.21140359551955,1.21897707386683,1.18830894938629,0.990283633346717,0.799208747221222,0.866606311780567,1.02609665278402,0.794985571049979,1.02480651500755,1.02807888318323,1.09455439731107,1.05714220334263,0.969779488564825,0.633284608514493,0.673407983786842,0.970570787092425,0.809307451357967,1.40007495184136,1.06501493836054,0.717385007783876,0.707867441227757,0.898326379688738,1.07070060803816,0.967833018132689,1.02467789589451,0.961065887104104,0.579064697249699,0.65353539839798,0.582101032290182
"1960",1.47259178941463,1.7858361279004,0.737202209512257,1.00402869684238,1.6702995990253,1.37945420232729,1.24446741905975,1.16529244662682,0.923144263307139,1.34972331366139,0.998335013652946,1.60403725074389,1.34164970723207,0.960062525579786,0.878748233173583,1.37427081330028,1.30716393523384,0.927224166698408,1.78987513713839,1.39744094894039,0.843194166620287,1.25663031540218,0.796771879590866,1.13003991582974,0.918400314875796,1.07161232112252,0.825084773255466,0.670430960236198,0.989832141802998,1.02971907588553
"1961",0.939523358200058,0.906332563895365,0.632673675553251,0.640594579312793,1.42763457536665,0.97159315157492,1.14398049975972,0.986250051241334,1.24825370253694,0.883552723047111,1.03683315526503,1.36868995284464,0.998516400712096,0.91684890318385,1.53305276407345,1.2164122227641,0.912756108328662,0.731523173499037,1.80830999478044,1.76317161334951,1.07164004858184,1.18555547422208,0.950338524506035,0.905250733006648,1.07474415919116,0.567240414748537,1.22026958710543,0.743358806726972,0.844526022587609,0.580798772852254
"1962",0.908440374860516,0.4547817831017,1.06281539140494,0.94769602783775,0.850432810905949,0.969901243280099,1.31493457547657,1.3094955263138,1.26272038712134,0.938424747191227,1.1441591120639,1.31719457332076,1.22558077103033,1.4240217292439,1.12288081075265,1.26594101370657,1.18822773450639,0.782292546738601,1.250188712589,1.55227583407565,1.6340568502977,1.42364984010262,1.01243581701161,1.0246068781729,1.05051464116976,1.35960045539812,0.844824544032069,1.03648527493623,0.619346250631799,0.659720209366449
"1963",1.04980682403952,0.673915610134642,0.934582562302509,0.827937846981863,0.902397143566895,1.00280009844004,0.84174764933676,0.903399306918866,1.57522399414535,0.790999811990122,1.18372473945617,1.20277623956805,1.02646361075666,1.09520375879442,0.796867099826639,0.866272936131901,0.911769708589719,0.960226058112262,0.959249047163653,1.18328694412594,1.26142916764365,1.29656109375436,1.13760387968649,0.994717927155878,0.912927912910084,1.01127871247197,0.916422258168131,2.15688135372821,0.775255904886059,0.905251565770856
"1964",1.02467004711774,0.659714379552324,0.83327056804042,0.822112283404973,0.607264264495156,0.984744771339307,0.907383324485551,1.02909738249705,1.04076130546296,0.78110978063604,0.965276246577342,0.653333613485417,1.02350657480243,1.09736475690471,1.30170390483944,0.628580176414611,1.09876784184088,0.94465384593921,0.672373363322454,0.64026243337832,1.43902872308675,1.11426868919508,0.971570043481738,0.948666946487333,0.853105599504698,0.73337280275854,0.834720766984198,1.35290192803655,0.826736039601234,0.536092200983031
"1965",0.790118622036451,0.752030560326778,0.707289103018017,0.789966858839729,0.778332825006983,0.541909014605578,0.890068692358137,1.03354844393923,1.20219287001867,1.12147293671411,1.05540063348116,0.629443407706089,1.14504757269988,1.15603488362913,1.21148998152275,0.660798826286144,0.90202683698105,1.05524248897129,0.940065718275317,0.771726335239252,1.16018380286388,1.13190481930507,0.923306261082237,1.04358818818802,0.853059288541642,0.764840506233199,0.839967338851934,0.961814974084479,0.949505871506708,0.897251437679669
"1966",0.729604956416752,0.939300928030181,1.03465169420383,0.966758360736296,0.820110440262005,1.0627471901877,1.06621943040053,1.13985872687304,1.32444407202726,1.52068649251297,1.09365321379223,0.504204716133261,1.21519664540708,0.870622332495356,0.935682001198051,0.645116921960563,0.813872010863352,1.09000829789961,0.970606942412284,0.998671450015857,0.720896196019396,0.673941550862871,0.761383003609208,0.997652294922627,0.701007240564877,0.648712604477327,1.02243668286063,0.728906722088282,0.965866751172802,1.16624409881911
"1967",0.858304393782707,0.808102831130974,0.83762941847601,1.02794540845327,0.726715983955314,0.816109614298854,0.79778049371041,0.820581971513414,1.00467247582447,1.06401163314167,1.04211081370693,0.606947018961203,0.864068279658536,0.696294164444591,0.941855852819186,0.878473966476892,0.85833302999423,0.878523644902405,0.982897575528207,1.05088415382351,0.839532686239639,0.688691907219475,1.0653301126912,0.999057470069982,0.699334600000436,0.924384260516784,1.19264521213013,0.732747307097647,0.831255445392249,1.13564585375724
"1968",0.792653021728669,0.981598906053197,0.927571593791981,1.38094558732092,0.83479649822609,1.09198793613378,1.04249885169826,1.02678530718648,0.728618821957753,1.20020264251238,1.1723927295769,0.64711884032695,1.11384095594956,0.962218086452787,0.908091752361448,1.30342282595822,1.05716835036431,1.02165800416932,1.00468776921716,0.854429216374465,0.793503398393387,0.7010358207384,0.920771341093071,1.01656978068727,1.03771358800457,1.33034386972235,1.11805181517861,1.03064523678586,0.953056972652487,0.975940889911649
"1969",1.1401195686357,1.11427129031676,0.983600656867911,1.31585032977831,1.00567915644233,1.23065389407164,1.31485788659049,0.91498261815865,0.945535469947936,0.856902115171739,1.41823989935382,0.681892700030539,1.34878783209513,1.16522153275631,0.761658687651278,1.13234867739006,0.893257209136567,1.18158652065423,1.20964310069973,1.02558108094516,1.07085408381925,0.959811718435175,0.889223635770112,0.946698164670918,1.01283076981023,1.1025088432076,1.08559328561686,0.961737081839341,0.975703861173293,1.22185458253569
"1970",0.992195615429715,1.10383463986021,1.02413996246313,1.19279812867924,1.27651672442492,1.3818703945624,1.09441144475129,1.36650930363379,1.04083136320317,0.741295146440244,1.15353587636163,0.845513965724594,0.588377733501223,0.845985604801671,0.721207230232092,1.9873876052504,1.08350566784143,1.42897919304805,0.719459900152291,1.0305011936253,1.12315076972905,0.859164547143841,0.950664917844211,1.07100681714639,1.34298317887635,1.03435348382512,0.736207088780422,1.12084458656991,1.77495742909058,1.39219996844789
"1971",1.12735989801083,1.27948003126409,0.970601232713531,1.36948093153294,1.24896697077807,1.2667515983323,0.865035329543876,1.10510579603002,1.19967705248726,1.16746696337052,0.757510816830357,0.885663474703598,1.00322692760683,1.14074433089327,0.857114373750847,1.27353818755861,1.04866979825024,1.34212221839375,0.907786876650246,1.39649821777773,1.17429886944598,1.31255423699573,1.53436824885571,1.18210469044162,1.1971913551462,1.08563779703982,1.44498614432103,1.19313300890082,1.10689461697295,0.899089478483342
"1972",0.889882099533352,0.943246824336262,0.754750111369459,0.949593922105034,1.00734136399028,1.07175840262087,0.904633627690043,0.827689917401984,1.0882363848175,0.627687754262124,0.863971450921747,0.957074266210562,0.917856354314955,0.748521923062687,0.881582561117935,1.34644570383793,0.711007394180847,1.12578292712186,0.679798916518609,1.16082563203821,0.888483966602534,1.22399990771015,1.12213547570339,1.07781553763432,1.11261943426979,0.905765975431549,1.04769434178453,1.03016852623228,0.994204586523197,0.883178754500719
"1973",1.08060543200631,0.98911383732958,0.616102801727718,1.12253787014934,1.61829967738557,1.19608078082047,0.978724546094973,1.01917497704871,1.02110961403549,0.940984900482439,0.779957579948551,1.18402163225303,0.939851164004813,1.06940688507573,1.18171196375889,1.18669925371293,1.06083745768643,1.01541075688406,0.859792663840623,0.837173952297611,1.05689750409872,0.953618277395328,1.146380962643,1.1961199524754,1.15061314894868,1.2844561816575,1.11360095375287,1.03123640462799,1.35787304032532,1.18999677510214
"1974",1.1044126734525,1.21397105627021,0.879061484736315,0.788614547994476,1.62934395890008,1.50210368168126,1.12058162811315,1.11803680358785,1.24625401285311,1.06771452338671,0.879986961290621,1.11879057545398,0.961671980662189,1.2558270606468,1.06138074704711,1.16122377193709,1.16905046653742,1.25557933721343,0.684536918835198,0.923333453286979,0.930393584488348,0.872466485606631,1.16068746799925,1.24600435419633,1.19185927135947,1.25397033731744,0.888231566459504,0.992365784129982,1.17959422318879,1.43419421618799
"1975",1.13125689172092,1.16420369324031,0.796042430979036,0.906223335568444,0.942577802083736,0.875992074332483,1.17768298505611,0.953635092109401,0.822302435321799,0.859172388758677,1.06607130221998,1.0316977811625,1.27475182553525,0.830629706333975,1.18100818598339,0.682213444843103,0.924122761879824,1.08158947876643,0.560304910635066,0.764191157725509,0.9202992053121,1.03651846192902,1.10597361021736,0.97525939880915,0.981532801315368,0.955059301114995,0.846589573684057,0.838923091575295,0.852989147247098,1.05984985583022
"1976",1.18935579762958,1.24590558105972,1.55018492185556,0.951695099361874,0.651674147562826,0.830911419645384,1.08598331705611,0.963357006794528,1.01020017048554,1.48513223660416,0.867181702323643,1.18360377581295,0.968479402366806,1.13961247137278,0.898974314408762,0.78715032680009,0.990019520977482,1.06608680153158,0.701152065974112,0.868936944425029,0.984847312771751,1.32265706678548,0.950571739753157,0.98541653791806,1.02994115049187,0.914824729898591,0.859581418073471,0.869631605494032,0.7416537730551,1.07199170054184
"1977",0.88148692857329,0.8553670280423,1.00241191818578,0.403944098164397,0.650167384663045,0.602377421521734,0.681603928562579,0.687618870709823,0.908337696539647,0.816143378529458,0.68801725139623,0.858090946564356,0.898035246420344,0.626776822862967,1.15183283115717,0.587868243471777,0.735871190266431,0.571293002813429,0.842268457362529,0.741714818500986,0.822074234949971,0.768473762360178,0.945177030102456,0.695059774080786,0.686501202655883,0.578438230200817,0.757580346337419,0.669610759259566,0.551854047265387,0.584663750256363
"1978",1.31237916629814,1.3537736409785,1.41832167250247,1.03335427588838,0.810395130256193,0.68902042761707,0.927947386586632,1.28398807518023,1.04343932856034,1.15292252255788,0.711744460585195,1.0533309203887,0.881647134320928,1.0542589029178,1.40179758544942,0.689831720776397,0.901440605840238,0.469531604585155,1.34029849900875,0.945358437679076,1.03086085893604,0.926048006978602,1.10879430306981,0.872415965270896,1.40078284336428,1.10017775110193,0.974737138021766,0.851003471164862,1.3088926086216,1.00456454523625
"1979",1.18566600866882,1.14530853679624,1.42032957942373,0.832178341993778,0.794893449434355,0.786983973498336,1.19144374588066,0.815304952193457,0.845842732352896,0.984071321737056,0.960142905577644,1.42202969015011,1.01158188152713,1.07399018185169,1.19773698785635,0.694299006949878,1.08324037712916,0.898058748350982,1.06035044534399,0.884521327830947,0.978498368232517,0.88092242051005,1.15529241609311,0.930825583236468,0.77942070192422,0.952513183451033,1.01437899491707,1.28260151654616,0.978168119410019,1.06673371579146
"1980",1.03651490495987,1.00594583031039,1.43006454016275,0.942814744618048,0.803477150742275,1.12829330778604,1.093052048095,0.81778466340671,1.15515555541682,0.766459946047338,1.00996078966677,1.19866800239931,0.607295424211741,1.03340938294495,0.837429254781014,0.862782133971631,1.12963526093249,0.950780254745304,1.11589532150734,1.02940429737999,0.980453794533466,0.971647399577784,0.734938712016503,0.944125384655409,0.93699675776591,0.777277902201622,1.11237397843215,1.35507610315725,1.39329276714016,1.24080274254567
"1981",1.05379263168387,0.994945146724901,1.14639095447476,1.10137991039823,1.14348256466565,0.979541757370963,0.963515152065563,1.19194611490568,0.771512667991295,0.83548782067968,1.02567967225769,0.967327982482812,1.17781411567899,1.17590315248296,0.962665637863379,0.644430468896179,1.14112289410677,0.904897978818705,1.48420468955511,0.853201800033205,1.17469843880017,0.927327035692471,0.920684651719211,1.05427245932354,1.13561364779131,1.04423941833248,1.21872835520113,1.198807130188,1.15361321128187,1.13413359620398
"1982",1.04152216364247,1.01403091815647,1.21326496106384,1.07885017615842,1.59006436468176,1.00297329574111,1.25245942779926,1.29338603064646,1.27704287950911,1.14093442721372,1.04559332143263,0.992443771837087,1.23321351705209,1.10884411898763,1.15177693382908,1.32524028476208,1.44175167056427,1.03570221711194,1.13154178223952,1.48694234324469,1.15538941004414,1.13156735673697,1.01452464204539,1.29871617359927,1.02556535309267,1.42995540170219,1.1828408327864,1.22196908685437,1.17519919083422,1.16178069061187
"1983",0.974507107686769,0.688299704048445,0.819139845494371,1.07147589506136,0.730346744633263,0.802963559724424,1.05971919592869,1.15260013663927,0.907185382880703,1.11214198111458,0.935708447530421,1.05332593716928,1.1604945030452,1.07463299256247,0.989157086803769,1.05243882681505,1.0833351629326,1.06794340770555,0.924203936900713,0.940572593629663,1.13644942166128,1.30291778707165,0.930064563290762,1.02417657052633,1.07106787983952,1.06521193003277,1.08524464993456,1.13776376611676,0.737508148878448,0.767063703593391
"1984",0.868973446311933,0.824942715188607,1.05632490740568,1.04346084348118,1.15085998764129,1.11242862406111,1.10301832709096,0.975630704984413,0.85039590463139,1.03671394308364,1.07298315508284,0.943090324703352,1.01465083280574,1.07266514680283,0.763479626765208,0.945346912050836,1.07068807708966,1.1819716071116,1.09251400146972,0.976937646576272,1.03415935455041,1.17470131225313,0.825223576258081,1.09365169596975,0.853959146647472,1.00401067077365,1.01051245708396,1.03589194585162,0.845355223482051,1.02446302308313
"1985",0.687550363966038,0.817604409511468,0.630975364789822,0.79814380761126,0.699109763872357,0.714220119100735,0.839581738508641,0.952523123049953,0.568293314155506,0.821551259961716,0.773865459955756,0.98728651520645,1.07216601143115,1.1025789157156,1.07729098934609,0.975735387267621,0.926487231755182,0.927512747380006,0.803997331646663,0.751583286796944,0.655636832294002,0.994590595116517,0.699660129034687,0.908757934519623,0.660107747128319,0.80972156846323,0.625824745522824,0.501527112675868,0.69405578607462,0.650039217880922
"1986",0.955167124506263,0.777159174592598,0.564593335446974,0.859812009052531,0.635316272134246,0.743481278373939,0.847796395295061,0.831896558074836,0.850936773425704,0.959467631870778,0.831094453293039,0.945252052910392,0.64846473031405,0.865688442652264,0.977092289110478,0.91461644299474,0.879422564073672,1.02167588736709,0.892453198001996,0.667728232138604,0.836595981531002,0.749255006843264,0.704648058087063,0.803713560033988,0.861275168067568,0.75142937010526,0.631307296298817,0.822781524274903,0.697279060481255,0.596598008066762
"1987",0.947536656651223,1.11210585780397,0.875564626432766,1.31018201707135,1.10828444344953,0.885543858211905,0.925481759178296,1.18018976410187,1.02888174422028,0.910987103407272,0.963538737102782,1.09691615290183,0.761327821160651,0.928136045246948,1.00175104140925,1.05230190489287,0.833027784418172,1.01280053792173,1.13468641196295,1.12413912637813,0.883371663461375,0.797263077334638,0.944632029554411,1.13879635177087,1.15581026206066,1.11653614075832,1.03863414594859,1.12937375582696,0.996402989234056,0.94211985642286
"1988",0.804539032353227,1.08667882795542,0.943510033549634,1.02711624829669,1.20888417524624,1.3647512833449,1.09167964306585,1.08552183082711,1.02421038148172,0.88759557025518,1.11115458042535,1.07787189144545,1.13546150518462,0.901738834810192,0.962046936891035,1.48724754412216,1.16996750017094,1.26046485886103,1.06133201624974,1.13143695183768,1.22106998918267,0.939717397055181,1.27115281088197,0.850975331719641,1.25137473524396,1.2145191373749,1.41878656219754,1.10547905368022,1.62304879453128,1.4866887610496
"1989",0.868810176744401,0.897916221229216,0.968670116819701,0.852651956909122,1.22703111767614,1.38135438460032,0.798061818683785,0.769550599915508,1.27676685203473,1.1708576960194,0.908200593439051,1.00770215131266,0.989745331649833,0.99671657568295,1.28939544963077,1.20911563563826,0.925045029267872,0.822469846537887,1.11040020075367,1.33160557559906,1.12057349241576,1.16081182451701,1.43112198301572,0.846451340453362,1.13350216557566,1.22512802837804,1.34797948160543,0.924216607491448,0.982784147537193,1.15173201493651
"1990",1.0120678945648,0.970477937890596,1.27872925358827,1.25263706013277,1.44637285599069,1.49177444713632,1.03457298554466,1.00297402927511,1.19864332467652,1.48420600683236,1.15044257536978,1.0885219213365,1.48203349728831,1.42782244099037,1.21187142791847,1.42070579625865,1.25913113705391,1.05294127531043,1.30207416248159,1.56530193689132,1.05337955224713,1.36539405410962,1.0973147968482,1.10182837953318,1.14819489431989,1.1150667566263,1.37273449860919,1.18108396852941,1.61796200923083,1.39012572684203
"1991",1.04282747147883,1.03041794455349,1.24559679269783,1.34856311723128,1.20825310400544,1.26974982622457,1.21818961985877,1.26878115273125,1.16475969328436,1.4755513682453,1.16951774747227,1.15651830722198,1.20816341066606,1.22338934579806,0.894227869014909,0.967226300981115,1.20147051094418,1.44554066693762,1.35623752184197,1.24021896354742,0.959377052898035,1.26199900861032,1.12284153484983,1.07885179770754,1.00149736826132,1.47536970019449,1.11572346103319,1.00132505305429,1.17187234329364,1.24297260122117
"1992",1.07987061360603,1.13706007679533,1.09248282320902,1.16508625064437,0.760578928405704,0.95906070886752,1.09579296379938,0.950857946376396,1.10316101503147,1.06206024606301,1.31987704391618,1.33361206615173,1.33152691752181,1.35523020829675,0.847094037678735,1.07307753994887,0.8560979499784,0.969517920391199,1.18666813514304,1.08716336773799,1.12495065006515,1.09425791978413,1.18452115723491,1.14932251639002,1.07991624012395,0.987542867979593,0.977064169022452,1.00828596708939,1.16674763911862,1.12490374324932
"1993",0.972269273694783,1.23082889680722,0.972767685184066,1.07354235233864,0.87417849444359,1.14547532016,0.952808556426412,1.09692559986768,0.988145557659044,1.03134407779797,1.09686045287817,0.970885581053318,0.978013973441292,0.836720552347318,1.02571143670477,0.794832353003075,1.01032575704546,0.936445064662219,0.940472847003493,1.13579840386184,1.10174309550509,0.928072046806577,1.01912641445211,1.27734977819532,0.876335997061577,1.01820718593683,0.788891589377424,0.730683109241029,0.781495281182711,0.757913069468274
"1994",0.954790293915328,0.957665311743875,0.526861930761177,0.695455455909251,0.764456251336947,0.558411305214719,0.825472198347251,0.928458962235427,1.0421134791295,1.0261106390072,0.714265045099437,0.775988184601032,0.985109663577358,0.964023549082728,0.746643150938853,0.913261508226921,0.687944114344225,0.877608835481734,0.683911842082598,0.689435938780865,1.1057180158414,0.840581833606265,0.797160366844904,0.721890898064745,0.67215430240127,0.474696637086954,0.72884072648379,0.622697619186895,0.441885833439344,0.557283281383385
"1995",0.611598617551654,0.661869213939827,0.495128195967557,0.437506419186089,0.401627693005382,0.480108514644868,0.642890935481843,0.438819845185536,0.694958231080202,0.81662391299279,0.434863908228348,0.484885114282196,0.834621180075689,0.341802917055779,0.720986963185026,0.510767045630695,0.887872300003694,0.698674168054925,0.443578791852464,0.388334298198503,0.654064540528641,0.395361152456347,0.659848250344706,0.686257314196357,0.625507662573605,0.56168415377514,0.513853099693419,0.478433979590622,0.493910125113577,0.467347062019463
"1996",1.3012467324506,1.24972450579775,1.06905817758667,1.31463477989446,0.804640703711079,0.709132980388411,1.00979566609233,0.987144496887802,1.01309193916927,0.805876504655823,0.835060490502954,0.87182738620445,0.971498815429594,1.17333255684795,1.20622910449813,1.20977479140205,0.783241352910135,1.19371778134333,1.33700640064852,0.976662041634698,1.00354365828084,1.00250127671479,0.931731210190399,0.863865541570736,1.00125217200738,0.863192225824425,0.953660195914401,1.41985134738735,0.904695712668547,0.639298472671954
"1997",0.928424895914757,1.00193651396149,0.974456834358211,1.03843742725453,1.08319395629924,1.06182159280602,1.2093589867869,1.20095936299,1.32173295819493,1.21540826794241,1.4560190236282,0.882062190995993,0.658014530429568,0.884556430555287,0.958191313931611,0.778045065877746,1.12937393064012,0.91413051337258,0.752964513687064,0.887458533738512,0.736952264847032,0.773121545797584,0.916277392357207,1.07741584003391,0.983269935479214,0.913336765683725,1.18162396391228,1.09114797532857,0.811970217964688,0.686229520955087
"1998",0.70711855871102,0.950551776264683,0.972821346117985,0.922447025360007,1.03319066771819,1.04683966851315,1.00348854239089,0.974087622545032,0.651232938093914,0.588836881671084,0.806433649415964,0.64079373938266,0.747391064146254,0.718728130396811,0.679801292969328,0.611626270553946,1.16379610464831,0.748158730256233,0.663954277447041,0.878447536575419,0.766985804181679,0.719097038555851,1.13287749923121,0.876727460509906,0.642295648374753,0.595607134063962,0.731270139114167,0.974269408816115,0.806968171779991,0.750735116776244
"1999",0.725999011836604,0.837392471685769,0.909566372763191,1.00100489443567,0.995310224138816,0.872373272221594,0.784044767493049,0.721361134416746,0.709061871901398,0.620780818235957,0.924870746552168,0.778254346889659,0.471500223837414,0.75984055034032,0.713760515278518,0.585680805548262,0.877639676524602,0.859337369261066,0.830552263499684,0.877928215023832,0.589705732718372,0.782838386465752,0.880591335165509,0.598970383212271,0.833970882485136,0.689947406207025,0.802605559876107,0.631765186874852,0.577093402900477,0.756208862077902
"2000",1.05212790863452,1.08618704768343,1.19636692235089,1.4200315512569,1.19377449285884,1.42095861786745,0.988882478721493,0.841010441383369,0.921401008278301,1.16436046014082,1.35071832707048,1.18480375610157,1.05197478006461,0.879338054350034,1.08062618871738,1.18156031498362,0.586073368178377,1.08023483493625,1.22860221231835,1.38091641809904,1.54577770837053,1.69655355641519,1.00448680441006,1.16627188498923,1.49018330195605,1.48121423436558,1.27450533019844,1.30660798422254,1.30464824030935,1.27319913037659
"2001",0.863191976260072,0.903915923025012,0.867450437369836,0.991662018235214,0.715361944606857,0.853471570664596,0.938201042416979,1.01803949229763,0.737358351913379,0.918951506381258,1.00324299068298,0.887917312176475,0.755151504547377,0.932055791443667,0.985946472812457,0.950471752284607,1.14525169009259,0.952149073018189,0.757937182603733,0.955135589936632,0.890124320684281,1.03291094764773,0.858534598645047,0.888203689739091,0.927097031882436,0.822210853179275,1.03140685243484,1.17963161894768,1.1214961321671,1.2483981849594
"2002",1.17059701305639,1.00647875291109,1.20768281545777,1.24860430110177,1.66536756104991,1.46575889297115,1.03368490764843,1.16009627039125,0.906925435439452,0.83210599950109,1.15414340890272,1.20230470076182,1.11757635901353,0.924437045255941,1.08991869919935,1.27798146521012,0.945140704086764,1.02576632215159,1.39603187814736,1.23712457366245,1.59369840969008,1.35610107462075,0.962558751027569,1.34478974458334,1.12657147139631,1.40625238450779,1.09588964028912,1.44159161103345,1.20941328043247,1.24299063439584
"2003",1.17243888523746,1.10513196243816,0.895962792307114,0.994240300934456,1.45665248014353,0.925933243603161,1.12503740174131,1.07204242404613,1.2074095703884,0.87547306810069,1.17610538688878,1.09884821144482,1.08368346621159,0.787511597477703,1.23754298689619,1.41477256578912,1.17774032756651,0.809765668023348,0.68725294759505,1.07764723606379,1.13478462102803,1.05060246324267,1.08365757088994,1.16398468749166,1.21009292273373,1.2853676262931,0.930872660761193,1.24384261782585,1.14602966290958,1.35588151088104
"2004",1.22352025809478,1.27375890495411,1.32359402405465,1.07335974048899,1.21356300780673,1.10143156709821,1.13515301973619,1.13100877518968,1.02236777636643,1.09659059687859,1.26768227858943,1.18444168195231,1.13254708607725,1.14785907666784,1.0587637957945,1.35857348972256,0.998926576436247,1.20084796354791,1.54213875778135,1.05983201961649,1.35963888087651,1.28848364028061,1.29332076264583,1.26275887219747,1.195189511702,1.23198944540143,1.28440686856701,0.936856671959535,1.2965139012363,1.56446501052523
"2005",0.97501185985701,0.89081597483508,1.19219366985922,0.954533991799026,0.748869183261799,0.965058003022452,1.11456085890756,1.03340317403113,1.08076584749306,0.819407158173535,1.13802198475545,1.07108490151798,0.971156719204947,1.22204900917846,0.995309741629744,1.03071176762648,0.939530172572784,1.25941837785155,0.923441386357836,0.850040787306517,0.746789775030353,0.844770263818176,1.07900309703404,0.998393568029609,1.1293327880386,1.16598396262736,0.959521780022445,0.98841598868216,0.993162632178229,0.944264537538702
"2006",0.978648111592958,0.717746630877567,0.778615716146483,0.471174036891233,0.675797506615367,0.65197572723613,0.92990821729625,0.98534270139622,0.910818276935358,1.42753175856706,0.795486492351855,0.734829354952704,0.525705527141697,1.06488033141783,0.794330359900992,0.665990116766036,1.04202204295334,1.00617116940732,0.768342305374832,0.671973317655998,0.754507649383772,0.677519304710079,1.16692999444138,0.883211060097067,0.871494862318857,0.740067350691072,0.773597305420915,0.963353667637926,0.707843405233838,0.650307956540259
"2007",0.988412367293691,0.705227250821003,0.762436545793309,0.431998461875498,0.582388025752595,0.769584922884103,0.928531885854633,0.793440497395428,0.967659902323729,0.757829225630793,0.585894516262443,0.725737434853718,1.64006303812726,1.07290495858227,0.701279486613746,0.583486656144858,0.889052221114498,0.843149798181048,0.94053969243968,0.720506173098722,0.517665434338762,0.565020610140463,0.636815686312612,0.823877114647976,0.770265317848602,0.866393669634465,0.723026625000052,0.725163370807791,0.712910953054846,0.655502522841604
"2008",1.2672173327729,0.77675003569225,0.896660622899009,0.838424672220092,0.66230194486237,0.786572116616137,0.608434383246455,0.642960597384072,0.916905950621834,0.762316272542343,0.545930424752308,0.742977209780475,1.04274717925297,0.954784901620977,0.733196203560525,0.731208210203968,0.627678143862594,0.843330209427061,1.17657252473766,0.995146377097403,0.637451684738553,0.637391056594209,0.991661551213525,0.872534461521027,1.03937555117038,0.725439555639675,0.813410673730679,0.841815736102022,0.665991771562211,0.638311166288601
"2009",1.18925671681829,0.951202531569966,1.06700001522414,0.941831803416092,1.08707930436125,1.05228488975129,0.9543587067107,0.999184400221335,1.10451745193128,0.997110499674277,0.715700660384774,0.98586047944504,0.862983332920281,1.03091912300411,1.23092616004866,0.879082072606002,1.03548471542687,0.880915661727798,0.853077586625452,0.976244801832263,0.986933675343293,1.04930424118193,0.940159398626189,1.00985811275229,0.96375083294171,0.932164000761712,1.07696889470601,0.789098985978867,1.07571454651463,0.827263331079322
"2010",1.5987765881552,1.16630420900976,1.14305839218334,0.959309821333218,1.39907577747434,1.24985217038234,1.5562622772972,1.650465819363,1.36327666811322,1.37652000945822,1.18468411376908,1.41358872841472,1.39926233915894,1.34647820949953,1.50780771326111,1.57331608130551,1.34302250896885,0.972285751027407,1.11004141768573,1.29719192594927,1.53531986425333,1.63276492675828,1.24496344584478,1.12939332602533,1.15072534256088,0.91906926647233,1.57298120981599,1.01724000637722,1.72798147260648,1.57297977117535
"2011",0.965307441571824,1.64221632738147,1.21805731947977,1.02567623041326,1.20587930442145,1.25325796836654,1.06437229965987,1.02576389737445,1.21530281288936,1.20836814543195,1.60221942003664,1.34163651818456,1.21265979776834,1.04134327272197,1.22741388028795,1.27044917745314,1.343508102907,1.07767241306615,0.839497833419713,1.00963020226389,1.22742761821935,1.26933748900815,1.07108674146018,1.17938868856588,1.15649795991167,1.57611064349825,1.21619980450769,1.21101427232528,1.20451945569743,1.30240781387638
"2012",1.02269477571428,1.37665828521282,0.940429336746722,1.16296605611655,1.12637552909698,1.17289869036803,0.955467387212291,1.09497126259216,1.06173996383963,0.941753769881882,1.04721172777722,1.18593818805437,1.06182254271859,0.963011727683911,1.22597966817013,1.00722042442405,1.07241736301531,1.32190370976812,0.761400061711414,1.00702082614914,1.22903724676657,0.887569058835237,0.950624114377485,1.02005428887797,1.06619800167902,1.07413720427944,1.11369353994931,1.01903947634657,0.913353932649431,0.899116725084019
"2013",1.02906248452361,1.22016475380457,1.02866911551347,1.16232940745793,1.00767854394884,0.903242449804856,0.944617833276005,0.889077846530701,0.841664043342525,0.876087518605279,1.18381087224647,1.15914675819349,0.957348228806303,1.17308840285845,1.1389425087666,1.07688951195947,1.01729275919843,1.24223583131706,1.12317554422052,0.935087321130781,1.03955884913062,1.05914193756402,0.991963700347645,1.07343511167598,1.0098287820744,1.05165315709398,1.01343549245594,0.792261402107069,1.04463432666829,0.870672881354518
"2014",0.696704674484083,0.786406218973353,1.06724875418714,1.01434498482058,0.96090634169539,1.02803913262096,1.06831312821041,0.979044497376573,0.92595139142488,0.935333312511546,1.09735215213534,1.055985938031,0.923860669762202,0.856451446523872,0.805788205744463,0.909655399677785,0.90264676558782,0.857956896048194,1.27475421259772,1.27348352235527,0.837345094380608,0.855981074089587,1.12506815244201,1.02249184020103,0.96506484291616,0.965020927388019,0.896650332786641,1.05134356030336,1.06607254763701,1.30425453371299
"2015",0.634394496175905,0.801540509478467,0.907926163565838,1.31542454083917,0.955523965027525,0.888308508782182,1.08442788025081,1.00023575337139,0.949347034237291,0.991301410714324,0.909472689850095,0.745009055768733,0.864576605320869,1.0454312988702,0.942938885186454,0.924841614338406,0.811149638309834,0.909479184997709,0.882620462097776,0.882926497320887,0.846967303257064,1.00647436229819,0.748832520947535,1.04293479194539,0.999739205714437,0.993308389540542,0.875769789431654,1.08350297983011,0.85598554606562,0.982453040630368
"2016",0.685184997476685,0.701509646640413,0.936867049414676,0.917246340519893,0.826449906844257,0.939267993311562,0.786183548528328,0.909529035427181,0.95777466276619,1.10236085423869,0.689285415998568,0.813794794855602,0.846546806882737,0.777393906317778,0.697471561269617,0.912665290093639,1.04248094764943,0.9427267205443,1.08489524509994,0.989237803452539,0.954657059998812,0.941136791793146,1.02951211879226,0.744797324601405,0.736574655092906,0.721020553389613,0.819710926438111,1.07031204886459,0.842310067526416,0.801207579326895
