"","SJ0101","SJ0102","SJ0201","SJ0202","SJ0301","SJ0302","SJ0401","SJ0402","SJ0501","SJ0502","SJ0601","SJ0602","SJ0603","SJ0701","SJ0702","SJ0801","SJ0802","SJ0901","SJ0902","SJ0903","SJ1001","SJ1002","SJ1003","SJ1101","SJ1102","SJ1103","SJ1201","SJ1202","SJ1203","SJ1301","SJ1302","SJ1303","SJ1401","SJ1402","SJ1501","SJ1502","SJ1601","SJ1602","SJ1701","SJ1702","SJ1703","SJ1801","SJ1802","SJ1901","SJ1902","SJ2001","SJ2003","SJ2002"
"1921",NA,NA,NA,NA,NA,NA,NA,NA,NA,NA,NA,NA,NA,NA,NA,NA,NA,NA,NA,NA,NA,NA,NA,NA,NA,NA,NA,NA,NA,NA,NA,NA,NA,NA,NA,NA,NA,NA,NA,NA,NA,NA,NA,0.771871989226351,NA,NA,NA,NA
"1922",NA,NA,NA,NA,NA,NA,NA,NA,NA,NA,NA,NA,NA,NA,NA,NA,NA,NA,NA,NA,NA,NA,NA,NA,NA,NA,NA,NA,NA,NA,NA,NA,NA,NA,NA,NA,NA,NA,NA,NA,NA,NA,NA,1.77139595600908,NA,NA,NA,NA
"1923",NA,NA,NA,NA,NA,NA,NA,NA,NA,NA,NA,NA,NA,NA,NA,NA,NA,NA,NA,NA,NA,NA,NA,NA,NA,NA,NA,NA,NA,NA,NA,NA,NA,NA,NA,NA,NA,NA,NA,NA,NA,NA,NA,1.08279618749291,NA,NA,NA,NA
"1924",NA,NA,NA,NA,NA,NA,NA,NA,NA,NA,NA,NA,NA,NA,NA,NA,NA,NA,NA,NA,NA,NA,NA,NA,NA,NA,NA,NA,NA,NA,NA,NA,NA,NA,NA,NA,NA,NA,NA,NA,NA,NA,NA,0.900438946291131,1.06269440753945,NA,NA,NA
"1925",NA,NA,NA,NA,NA,NA,NA,NA,NA,NA,NA,NA,NA,NA,NA,NA,NA,NA,NA,NA,NA,NA,NA,NA,NA,NA,NA,NA,NA,NA,NA,NA,NA,NA,NA,NA,NA,NA,NA,NA,NA,NA,NA,1.0108034691239,1.38083281512843,NA,NA,NA
"1926",NA,NA,NA,NA,NA,NA,NA,NA,NA,NA,NA,NA,NA,NA,NA,NA,NA,NA,NA,NA,NA,NA,NA,NA,NA,NA,NA,NA,NA,NA,NA,NA,NA,NA,NA,NA,NA,NA,2.0828656218193,NA,NA,NA,NA,0.846626885682737,1.06227717411724,NA,NA,NA
"1927",NA,NA,NA,NA,NA,NA,NA,NA,NA,NA,NA,NA,NA,NA,NA,NA,NA,NA,NA,NA,NA,NA,NA,NA,NA,NA,NA,NA,0.500149723365314,NA,NA,NA,NA,NA,NA,NA,NA,1.38244039326213,1.13939089827836,NA,NA,NA,NA,0.65587653902107,1.03083144967436,NA,NA,NA
"1928",NA,NA,NA,NA,NA,NA,NA,NA,NA,NA,NA,NA,NA,NA,NA,NA,NA,NA,NA,NA,NA,NA,NA,NA,NA,NA,NA,NA,0.946931263821115,NA,NA,NA,NA,NA,NA,NA,NA,1.03333873879589,0.810944786881125,NA,NA,NA,NA,1.19150860592748,1.4657236607048,NA,NA,NA
"1929",NA,NA,NA,NA,NA,NA,NA,NA,NA,NA,NA,NA,NA,NA,NA,NA,NA,NA,NA,NA,NA,NA,NA,NA,1.70930308590436,NA,0.920806299344793,1.99215495528357,1.33990701929097,NA,NA,NA,NA,NA,NA,NA,NA,1.73135328512448,0.457763714397625,NA,NA,NA,NA,1.4938884054142,1.43590866361182,NA,NA,NA
"1930",NA,NA,NA,NA,NA,NA,NA,NA,NA,NA,NA,NA,NA,NA,NA,NA,NA,NA,NA,NA,NA,NA,NA,NA,1.07944307526675,NA,1.4625811789628,0.879491760063156,1.28354010924546,NA,NA,NA,1.83889385947432,NA,NA,NA,NA,2.44239644164603,1.50965244046402,1.58113652973813,NA,NA,NA,0.531340008192185,0.498217174621929,NA,NA,NA
"1931",NA,NA,NA,NA,NA,NA,NA,NA,NA,NA,NA,NA,NA,NA,NA,NA,NA,NA,NA,NA,NA,NA,NA,NA,0.739621381594444,NA,0.885682944354922,0.588413493692412,0.835059587513692,NA,NA,NA,0.737882702736001,NA,NA,NA,NA,1.81001630451204,1.11317196398418,2.18537238209829,2.81222670210599,NA,NA,0.405539196221248,0.46567997855098,NA,NA,NA
"1932",NA,NA,NA,NA,NA,NA,NA,NA,NA,NA,NA,NA,NA,NA,NA,NA,NA,NA,NA,NA,NA,NA,NA,NA,1.01888460330161,NA,1.21135108810206,1.18735814149545,1.72788659637119,NA,NA,NA,0.794733815586769,NA,NA,NA,NA,1.16186116795087,1.21912438067738,1.10344305403368,1.79200878763515,NA,NA,0.374275019032114,0.471877334478752,1.75047743971959,1.75859858019232,NA
"1933",NA,NA,NA,NA,NA,NA,NA,NA,NA,NA,NA,NA,NA,NA,NA,NA,NA,NA,NA,NA,NA,NA,NA,NA,0.375326650817592,NA,0.683287977123067,0.504042206022636,0.690997494298588,NA,NA,NA,0.49749928576183,NA,NA,NA,NA,0.513086139294746,0.475810242495969,0.722502921943068,1.20233109099446,NA,NA,0.50903541855717,0.59258280681239,1.33281096627331,1.07929170327967,NA
"1934",NA,NA,NA,NA,NA,NA,NA,NA,NA,NA,NA,NA,NA,NA,NA,NA,NA,NA,NA,NA,NA,NA,NA,NA,0.936306136452088,NA,1.09745427038181,0.926516785794946,1.16535904428195,NA,NA,NA,0.74708440212564,NA,NA,NA,NA,0.584714976410629,0.529163729206923,0.270837022710809,0.437829746316519,NA,NA,0.488794906705412,0.569360892894107,1.03789677589513,1.09779460048488,1.31052280241082
"1935",NA,NA,NA,NA,NA,NA,NA,NA,NA,NA,NA,NA,NA,NA,NA,NA,NA,NA,NA,NA,NA,NA,NA,NA,1.48932968020712,NA,1.40744948694027,0.952861750958523,1.228352067135,NA,NA,NA,1.32635432343029,NA,NA,NA,NA,0.513218831643495,0.430889554733026,0.38555210120316,0.445921266581484,NA,NA,0.450108423742068,0.805213481014731,1.62309504403787,1.03658569302451,1.50366370180357
"1936",NA,NA,NA,NA,NA,NA,NA,NA,NA,NA,NA,NA,NA,NA,NA,NA,NA,NA,NA,NA,NA,NA,NA,NA,0.711516491251925,NA,0.987497125611908,0.928975299382271,1.21894159780743,NA,NA,NA,1.5585981242146,NA,NA,NA,NA,1.22854017810734,1.27814269571844,0.899975552253679,0.769760240201961,NA,1.84752116910911,0.53767514068455,0.603985147855135,0.649802206076722,1.09817668479596,1.45485850592626
"1937",NA,NA,NA,NA,NA,NA,NA,NA,NA,NA,NA,NA,NA,NA,NA,NA,NA,NA,NA,NA,NA,NA,NA,NA,0.594743592380229,NA,0.834984588450241,0.704898134442422,0.973510220079006,NA,NA,NA,1.23450105905162,NA,NA,NA,NA,1.11012071623363,1.97108613049955,1.58286520369028,0.785043486856961,2.15598540621285,1.63695323319679,0.80909622900105,0.473681679311447,0.406343990634681,0.545870938215903,1.29113008697691
"1938",NA,NA,NA,NA,NA,NA,NA,NA,NA,NA,NA,NA,NA,NA,NA,NA,NA,NA,NA,NA,NA,NA,NA,NA,0.543472207026456,NA,0.467761223551104,0.837015070849657,0.905756922164014,NA,NA,NA,0.891529224824419,NA,NA,NA,NA,0.434849734723109,0.964689310027498,1.02911190862745,0.778903116204049,0.605164153004085,0.415860763129501,0.386057083164031,0.423642421464117,0.716887259991132,0.44543298227041,0.864994388915214
"1939",NA,NA,NA,NA,NA,NA,NA,NA,NA,NA,NA,NA,NA,NA,NA,NA,NA,NA,NA,NA,NA,NA,NA,NA,0.490579964495257,NA,0.284318640352059,0.563400138690562,0.62693735463208,NA,NA,NA,0.745213903125883,NA,NA,NA,NA,0.909004531480707,0.299330128068933,0.401899564892827,0.226881092777192,0.385367101212689,0.34535006774646,0.636729669698087,0.438574828123638,0.570138024250221,0.563165740266044,0.407161776906393
"1940",NA,NA,NA,NA,NA,NA,NA,NA,NA,NA,NA,NA,NA,NA,NA,NA,NA,NA,NA,NA,NA,NA,NA,1.4115385061173,0.948863976909191,NA,1.2952377285818,0.738180304421915,0.751972349858053,NA,NA,NA,1.20088976771113,NA,NA,NA,NA,0.562595071620635,0.182341814614999,0.371933105283498,0.149766840389395,0.65274704854483,0.704108555737695,0.601102972791035,0.349677286180452,0.917416837286786,0.850965926967325,0.467537537818545
"1941",NA,NA,NA,NA,NA,NA,NA,NA,NA,NA,NA,NA,NA,NA,NA,NA,NA,NA,NA,NA,NA,NA,NA,1.47745716242836,1.90451867376545,NA,1.67417434037751,1.22259684450763,1.15571475778265,NA,NA,NA,1.1388806510456,NA,NA,NA,NA,0.728311766479547,0.278587224912195,0.219673176781286,0.225882868120549,0.773884284701959,0.698299755164886,0.570147521985334,0.382145143389174,0.863570854555525,0.931980919014537,0.444128600524393
"1942",NA,NA,NA,NA,NA,NA,NA,NA,NA,NA,NA,NA,NA,NA,NA,NA,NA,NA,NA,NA,NA,NA,NA,1.04116495401763,1.40048119794479,1.38807943528936,1.3102520897491,0.978862180384187,0.785887300824339,NA,NA,NA,0.736071842143335,NA,NA,NA,NA,0.618029693200606,0.123594672240239,0.232434369208024,0.133377083576759,0.504596971106997,0.433583803291857,0.433969965934835,0.27011656453512,0.658995509833379,0.685184071973725,0.287271079259766
"1943",NA,NA,NA,NA,NA,NA,NA,NA,NA,NA,NA,NA,NA,NA,NA,NA,NA,NA,NA,NA,NA,NA,NA,0.457529735044283,0.636104350132879,0.989658185835303,0.722432668544824,0.535878828687654,0.473719467289297,NA,NA,NA,0.42659449090204,NA,NA,NA,NA,0.205373898797982,0.0852999507604676,0.218990081202177,0.0981575873802231,0.360916256642635,0.489499495116926,0.580442059066853,0.179369993889666,0.516981882146289,0.629303080633441,0.278642411934221
"1944",NA,NA,NA,NA,NA,NA,NA,NA,NA,NA,NA,NA,NA,NA,NA,NA,NA,NA,NA,NA,NA,NA,NA,0.481388196092241,0.845477387014553,0.360822195427861,0.860723679109204,0.515292017214302,0.552340034273001,NA,NA,NA,0.28721153809855,NA,NA,NA,NA,0.175633604673365,0.0597285816375187,0.178912515334635,0.133259981368353,0.228277037007177,0.307577959854212,0.50234386084242,0.403294691718921,0.597716777702088,0.752034217374944,0.415097783328368
"1945",NA,NA,NA,NA,NA,NA,NA,NA,NA,NA,NA,NA,NA,NA,NA,NA,NA,NA,NA,NA,NA,NA,NA,0.346109516250674,0.485262271073809,0.513536432724642,0.470244589956013,0.475019170516804,0.381671147316012,NA,NA,NA,0.219130534960695,NA,NA,NA,NA,0.133202017206086,0.117106071733635,0.25135651291261,0.124020442695457,0.214103977576968,0.266065380501263,0.26350055298816,0.270525725651954,0.346520166711865,0.364046400552152,0.209616440935743
"1946",NA,NA,1.16338312856376,NA,NA,NA,NA,NA,NA,NA,NA,NA,NA,NA,NA,NA,NA,NA,NA,NA,NA,NA,NA,0.454846627488547,0.634919554130692,0.436514924174048,0.678318307271344,0.833424707296867,0.608056457590353,NA,NA,NA,0.342942711021986,NA,NA,NA,NA,0.395289374526902,0.137586875932619,0.273646064356843,0.153837528000341,0.403839837482014,0.827989935282297,0.538197565569667,0.66905113853333,0.851673456119104,0.924217118066309,0.511797688664294
"1947",1.15488278568922,1.24302356958182,1.41051448854971,NA,NA,NA,1.1182463648183,1.62210441581616,NA,NA,NA,NA,2.35084837041537,NA,1.20296398588399,NA,NA,1.15113240706924,1.54800221267383,1.23732769498629,NA,NA,NA,0.939147515532768,1.67262381200232,0.662220685880963,0.351043074497411,0.844523252891679,0.808728755614269,NA,NA,NA,1.42306763920753,NA,NA,NA,NA,1.14237125728475,3.40876359002648,1.3456888037084,1.81476664038693,2.95378914091513,2.49320987418155,1.91960290678031,2.28401973640258,2.63041297842617,2.39475865269156,1.61467414914695
"1948",1.37908902482767,1.40505812345392,1.37194043058055,1.51216781353061,NA,1.46360459162242,0.944184959970046,1.11696910190238,NA,1.50346880561592,1.56289924243702,NA,1.48209006757497,NA,1.38479384949908,NA,NA,1.11269692837005,0.929619753181631,1.01130283861705,NA,NA,1.68237113469816,1.88672318895941,1.98950078036404,1.12883134644657,0.620218536053361,1.91147372036581,1.79082621135629,NA,NA,NA,2.24680419408079,NA,NA,1.51193672988706,NA,1.73797397033456,2.55464151719351,2.81317378167658,3.35150057960019,2.86395487610276,2.61352777184966,2.26549226765597,2.30257026202007,2.40104639665054,3.09832978018224,3.9333522002372
"1949",1.13511974591182,1.0485224033599,0.924149166492021,1.56065796091642,1.09939839709854,1.22750602045809,0.957049290032384,0.765789291996823,NA,0.735071185531772,1.66178241332667,NA,0.6604155150849,NA,0.87589118623508,1.25508936457963,NA,1.03013133552912,1.09814320284281,1.18140331657604,NA,NA,0.862419631239517,1.36694681732363,1.42300947565316,2.28110566059211,1.2648391371575,1.36880064976969,1.66591780572475,NA,1.06209266660609,0.940394273283677,1.89153340510049,1.21431172734251,NA,1.16875414445421,NA,1.42413453398901,2.30137025052121,2.54213798137752,2.97535956553994,2.04269390421507,1.67551232589666,1.19835271403497,1.65817299853227,1.16753386025752,1.14704840848347,2.19963665394959
"1950",0.765568890050703,0.82651695913431,0.629839747893507,0.677231015494879,1.2492770538296,0.900715488389043,1.28413456660503,0.890689229613576,NA,0.629713469643569,1.00048064687799,NA,0.491008483220725,NA,0.474931467337608,0.498252892399539,NA,0.767365111259127,0.483689699880229,0.652432906393513,1.02607931821881,NA,0.641374871708353,0.985260630448137,0.785420702862268,1.75266782416322,0.858819646477163,0.764999749315467,0.70592225959893,NA,0.823431954491363,0.862880359766522,1.06894823439497,1.09651954839821,NA,0.927473795836461,NA,1.56605549125707,0.48587916977042,0.496364648272399,0.563269191651456,1.31866973899659,1.54999484055905,0.873447081046861,0.63663429452847,0.904691807690013,0.689560602325611,1.03186149598548
"1951",0.851368843599324,0.602145073745347,0.334445841016909,0.320347862518948,1.02508081377993,0.779897141041462,1.14840523799091,0.856522578068373,NA,0.806211151437922,0.42585688848849,NA,0.359522363897275,NA,0.829079094356682,0.821913126972085,0.880633870781342,0.779917534380646,0.595310330283525,0.726139238541295,0.896707281241212,NA,0.859769992637466,0.92803548308423,0.896308639134816,0.839558983127606,1.38775318846778,1.05915471136476,1.07480359284442,NA,0.498606423292825,0.373578985917085,0.824912223929191,0.840728725340145,NA,1.08386770192888,NA,1.07338690292888,0.80084652938899,0.665541338378616,0.808301000711183,0.541282915631773,0.700117467663829,1.3589436847212,1.00416868399472,1.08296653678735,0.72083905175863,0.673207360818131
"1952",1.22229159805913,1.21610913634363,0.586192410450009,0.466048880064342,1.38717230246865,1.01849323695213,1.55407630893476,1.35486569550654,NA,2.23737241024986,0.5737063904324,NA,0.600296011857658,NA,0.901872038967818,1.07405682339231,1.28528183075896,1.13134676933057,0.792068805279219,0.816704317915255,1.19253495719358,NA,1.08450454001746,1.13343559730026,1.12284245766938,1.09531880030041,2.03186383538433,1.52369815436478,1.48310568845573,NA,1.18013005621872,1.16016539694645,1.01793364669378,1.12086347677694,1.11873811782027,0.731003914866683,NA,1.31065605310185,1.61582909393362,1.35181791292142,1.27513422590183,0.969478875259355,1.17791479873583,1.37990864853686,1.25096431649545,0.924047005504939,0.608616159316608,0.52333047942437
"1953",0.844141989062843,0.966744212022666,0.365175726655355,0.221555313061059,0.674763393611925,0.541340477316181,0.927129860794198,0.644054708940482,1.72311677730987,1.04938152984481,0.720531430072549,NA,0.186559966774333,NA,0.430826560902142,0.723039960570044,0.663039325033672,1.13725652184837,0.765873141594093,0.710234268751829,0.849041334684403,1.10294740795256,0.772215356107272,1.17650690657828,0.906301696601137,1.23896097520302,1.59323812561773,1.24785403214438,1.09341007002149,NA,1.23854025414921,1.35422814275643,0.713758823242649,0.894266615565157,1.37252538934094,0.730266927238104,NA,0.935605622303723,1.00196721855053,0.748393796733823,0.876536766554402,0.659086286274109,0.815629500746828,0.684781921772453,0.998171426587649,0.772888142518948,0.776751004523514,0.420029077439962
"1954",0.327154943084872,0.264291233023095,0.166849576307489,0.172835324740685,0.739463142747253,0.756580599713637,0.514504128070628,0.607095297934128,0.961958709265875,0.670855835232135,0.328212614245387,NA,0.228312246798679,0.449931233561803,0.477865435152595,0.463660795453554,0.421056451617592,0.646697885924843,0.883551754500994,0.752156806804923,0.791145866864963,0.57276804797592,0.742139062971709,1.28238342230192,1.13572986227988,1.27379477246724,1.33809092576881,1.17198727206716,1.13019363177343,NA,0.80826955314571,1.0420267908982,0.845875589004291,0.723115773491645,0.586881213665644,0.413658756565449,NA,0.492896618529333,0.729114214681703,0.924932949048252,0.561358486635724,0.664375413444404,0.798770460518737,1.18934667285543,1.11798863288196,0.788784113066659,0.953717980556076,0.662972382049349
"1955",0.294258307463492,0.324250278236253,1.33903729423434,1.13304285128606,0.591601526638961,0.82977331390803,0.463389553184592,0.62776425139362,0.59448630528018,0.58782794273219,0.425575978540148,NA,0.685441140770604,1.06239295210019,1.48312805922813,1.1364319742838,0.756177809290221,1.05417215977507,1.44631615479552,1.55876399100841,0.809335843613948,1.31347306516883,1.21874157737931,0.715739798115801,0.653044385991308,0.576241420680859,0.630010037182541,0.709894161572094,0.888234623623593,NA,1.26554381282062,1.06996935830659,0.498268912817603,0.568730606782404,0.528632020880787,0.511477835723676,NA,0.767636926125081,0.795114798834764,1.18684718903044,0.687304337976824,0.500049920237154,0.549857335834302,0.704497092297727,1.07762107851382,0.684119543929956,0.78216881876,0.610344329763768
"1956",0.590710859585067,0.721727831839541,1.851153468732,1.81606686549228,0.852136820508288,1.06851211423011,0.73580344475689,0.681773005034442,0.882506321043174,0.728928001465946,1.05305942819855,NA,1.52002794294485,1.10504970016509,1.69575273106166,1.19795801795861,1.38919632711394,1.20454435308808,1.35415085802679,1.30811226378669,0.840906501659095,0.878456323454956,0.806930697386722,0.97549558019126,0.999090060775532,0.978334095637523,0.634346912547867,0.983809171390331,1.07481870325756,NA,0.984442149705384,1.05489173502314,1.21463413173412,1.06380288425569,0.904729177154382,0.858828213318027,NA,1.07848296266605,0.93949450582221,0.98766744008483,0.92484798061073,0.800839230463851,0.765194770622482,1.36313477455189,1.36500230744169,0.938774305588588,1.10579879699089,1.06660608353087
"1957",1.16159955482845,1.15250254373186,1.38995021654535,1.24022077689953,0.612712542304867,0.735429077287416,0.77312187295463,0.503006835653099,0.59078512408171,0.431431139051891,1.96369534412265,1.43382693047756,1.57433009518447,1.21632018983043,1.29808694519869,0.947551730802268,1.13987850805225,0.950908928587601,1.24134808898318,1.32617504685945,0.97093987028709,0.842103753207998,0.896251268437136,1.06516390098011,0.755544105017659,0.875678654776529,0.631053039595541,0.953027375611341,0.96330298656547,NA,0.865059973897011,0.758548068905225,1.04280092890235,1.03611073543024,1.10954361899783,0.775986318500849,NA,1.09706558886698,0.899992591965937,1.16317333294115,1.251341785795,0.724334856232317,0.607224389506874,0.946977641607409,1.04854416626631,0.738804962454296,1.16179484339847,1.11610156635427
"1958",1.38227825286567,1.25914161015126,1.2297241432592,1.72171806272,0.911787328456353,0.832732716121631,0.67827965799022,0.677948778260314,0.579516977606648,0.649903842404843,1.27278464183369,0.957777389950612,1.05214498007049,1.21773632623479,1.13364197092171,1.20841551263937,1.32748340156472,0.966493716992131,0.958680953813637,1.13137187867597,1.08181444167159,0.865760708991736,1.02189570092968,1.00740441688177,0.959683093295144,0.996708383975527,0.905294150801861,1.34690126496806,1.25445505431964,NA,1.32524436540883,1.2319077363317,1.23554131680393,1.22615581994286,1.1196694555233,1.27592142915084,NA,1.18789010229054,0.705346667558858,0.926448413616174,1.09013382571471,0.663468976711744,0.592455292180722,1.0544217517768,1.1391487974107,1.02101465703776,1.07648785754736,1.36764775706999
"1959",1.37807731769496,1.4059778793008,0.892656568074185,1.0396714020277,0.37386372349506,0.954039404528178,0.708933017318887,1.08569469949219,1.2723285200593,1.12537516486483,1.23672146686926,0.884513405505932,1.27050980627391,1.29355631666627,1.17630354675894,1.53278197187472,1.14668513456887,1.10895512468446,1.31861490133354,1.08149854903932,1.18943928941717,0.910666124208805,1.07596627735732,0.904657465901516,0.958687394349914,0.825546936335813,0.916928494213642,1.15060374848752,0.964555386876898,NA,1.08043237629502,1.31796175548808,1.37465100253536,1.27394457467741,0.899033388242991,1.06817540997404,1.12077932379006,1.23202190401809,0.821709937697,1.06635187634283,1.33216939537117,0.967488272777625,0.587195311986871,1.12418699813722,1.08410959514782,1.05374380978623,1.10991425791192,1.0973333337663
"1960",1.21281123596726,1.09928381309575,1.43223675053372,1.37541107878445,1.22411547832655,0.715485113017047,1.36002127466373,1.25656787905417,1.15431770008136,0.956213457573899,0.65131709490154,0.422733709089949,0.926775325211642,0.97914791205894,0.954550392082246,1.09893474932333,1.12506189593541,0.959242841045432,0.906960960007586,0.806841885405086,0.769891457030009,2.04433193271571,0.75602155479692,0.994860014533883,1.0796623096188,0.783376880482104,1.22416973733428,1.06812223270728,0.91956068823274,1.18449493301786,1.11963571491679,1.13696189590998,1.45129716183378,1.10825759544243,1.09000556404488,1.56089570901787,0.952047660239916,0.797912724381895,0.868144230921704,0.852806564185778,1.14541504202057,0.800538811839203,0.686911263237262,0.633390016769796,0.62361176352663,1.03056746178613,0.719933499612923,0.847210357994665
"1961",0.962460051905426,1.01213828558102,1.15069691568041,0.928642304999362,1.51443757458367,0.851475298538692,0.923956709428681,1.0525620734219,0.74154893286648,1.09833768067604,0.766609644123974,0.454694773123524,0.932891536151772,0.929944684316483,0.956116439940211,0.996872324454195,1.28972038660326,1.03457713423303,0.678810450562812,0.83772359229994,1.58716131431273,1.61599783611174,0.917120759277112,0.824747629718081,0.804414068190203,0.728878929448022,1.02639636441524,0.83767104676372,0.653107699010073,1.10185193939105,1.02604536917385,0.970348324270175,0.9496491616544,0.802995969013083,0.927147499973192,1.00092473624515,1.07756856220585,0.919447622185972,1.03564649603452,1.06581679276105,0.751953327723487,0.925079676890301,0.667253443196057,0.590983231066543,0.524365565610306,0.933577862770426,0.739454847317265,0.856271002256718
"1962",0.976078275611723,1.17238552074087,1.18103023540202,0.861123557078776,1.60075094751025,1.72363707557536,1.21303036349367,1.32223907370761,0.848803650057978,1.14663465265794,0.846000810381424,0.884950574556866,0.651730755219923,0.895273086974327,0.916580600080106,1.34344688441359,1.13384774855204,0.985256257372995,0.925033559806969,0.904412526660507,1.58285450850738,1.05241610811316,1.04877771967652,1.01110660592211,0.871381803252508,0.972534709617924,0.99567647317465,0.896303624985962,0.96337624482144,1.10128408591142,1.08673282325684,1.21570546527448,1.00276725784426,0.879926655270534,1.18845379202628,1.02863436543376,0.856496455374642,0.96981610323643,0.802275632307478,0.875817131843859,0.752485543787824,0.952207461843661,1.30510899337077,1.17192245680105,0.777169996008367,0.909615528901522,0.727117059635802,0.709949524801474
"1963",1.07553536403648,1.12501212873988,1.33010771297638,1.44825442220526,1.3538741860262,1.54780727616652,1.02469649091098,1.11048847992804,0.823289392242217,1.0067777837628,0.391827897814607,0.589850546929662,0.368991691369458,1.08213648554217,0.874433340855031,1.43895302496163,1.06828309244487,0.942194823347077,0.870116001359726,0.828927809336583,0.999509117777163,0.725884364318125,1.21875479362021,1.03900093218082,0.892462679954803,0.88855746057408,1.05298997107176,1.03095384226609,0.918421891673277,0.939996922959757,0.693220359768312,0.919605263656821,1.05362553737066,1.14565691298039,1.24753143342712,1.22377696439089,1.54132358282412,1.13161833333232,0.784735751758467,1.03669131291498,0.65110773643261,1.27801411806834,1.3380068113046,1.32154980820243,1.46695304037504,1.15602928365679,0.769838724841367,0.840183958091861
"1964",1.40068055211459,1.2777040743281,1.1448944964771,1.5628378836609,1.97939170613315,1.53270232899503,0.86613037071118,1.27811350790763,0.907901764020851,1.10865125605485,0.234455941040231,0.537179149943109,0.345422612612205,0.975653272299858,1.12514172888972,1.13295355889786,1.11318069557167,0.804164769142743,1.09491320003345,0.865739117407938,0.60692559920747,0.481485869134078,1.20118422570555,1.27678688365819,0.949001832191668,0.859991364308056,1.05014698813714,0.977559002650263,0.913868028528036,1.05534932571868,1.13370369946012,0.993158889336942,1.02738748334644,1.20719456629003,1.24058385974914,1.13344398447485,1.12921771116088,1.19477718896073,0.726087644270246,1.08168965525454,0.628255612733057,1.1094595806903,1.2229050138616,1.07751092591061,1.18248671923111,1.15163507698025,0.754999892196174,1.33521483273546
"1965",0.84878197212444,0.935202619111853,0.765218655048507,0.849570746750098,1.0373909777541,1.01141429109576,0.678864878910375,0.896793106292187,0.961650697798952,0.751206450423509,0.486985295754598,0.788543209750459,0.579447004740984,0.775811779656182,0.892212266005431,0.600116960708312,0.649046010963565,0.903185963215584,1.04662924900454,0.838768757414597,0.559860593814673,0.378991671347022,0.776878328683952,1.10492908422683,1.16996467408918,1.02191279177715,0.915780099748691,0.661074774044107,0.966764306061945,0.684280575375095,1.07920719708632,0.800154869313686,0.746706259794926,1.00144891351984,1.03828664760699,1.05737632891633,0.755940960212769,0.991804788929368,0.945367731135164,1.14334063750739,0.85120138333951,1.00785971465225,1.04515477906575,1.14088501953568,1.13344813862269,0.904768587696925,0.604883020173118,1.09934319523436
"1966",1.45863069849559,1.40161035203584,0.963094434666955,1.04828296720796,1.00005282243815,1.13507195426743,1.20712071111559,1.34461508745164,2.18378389164132,1.69776936471841,2.79261642233667,2.22770188063994,2.38934197277468,1.14436495522724,1.22918469156367,1.04656411143786,1.04565766787678,1.16904929040712,0.852119008868086,1.06457930806594,0.96872508205609,0.600737936181564,0.949874569114969,1.08788798464329,1.25854504852343,1.34910965848458,1.16966563562703,1.20270450262452,1.12348275340175,0.900970092863538,1.2993522217124,0.859202888697755,1.18020639438065,1.52165628630667,1.14744032006243,1.15372452791319,0.896974833296795,1.32083618144106,1.76072839606135,1.64849230992197,1.18496277469757,1.10726619267447,1.26954967773196,1.63922111761494,1.16165760173665,1.07062668536171,0.945603993379872,1.39060563799891
"1967",0.791298620119117,0.903097841719458,0.894970142731231,0.749124478114591,0.55927243104589,0.638991773397189,0.874913054851386,0.76662454875405,0.960425421032217,0.789093035069037,1.40463512328442,1.45857261820989,1.73141906576787,0.727769532339,0.763213724693459,0.695358395907681,0.630306486158926,0.727570675397046,0.983040036742225,1.02085681350037,0.78896367198295,0.5965490157515,0.767118022112748,0.835893659568282,0.88637866804356,0.897534627102143,0.588360041825737,0.525346492027554,0.49655725349014,0.788409571513426,0.825289566739587,0.723712255555559,0.39219030689483,0.719981041794289,0.635524904639204,0.791270891563323,0.573030036579376,0.617515605130997,0.786774687589892,0.65679195030808,0.680657122370242,0.672296467853249,0.580612274479362,0.627388735969222,0.525413496570154,0.605339498406751,0.675821418915283,0.78928909905026
"1968",0.526820364309433,0.439328727322555,0.52158631169081,0.44043292955178,0.554592341411176,0.643398068388144,0.981283802789638,0.872013940832183,0.673388062870312,0.667507796786299,1.39155942348982,1.19502069706231,1.57598205152208,0.738762312117071,0.835814762992867,0.629855747401058,0.54923694627723,0.950089980169798,0.987177176522139,1.00736409689678,0.77132474965736,0.841957575561843,0.951702233386861,0.671906251141501,0.873365663929561,0.930711658391378,0.776492558757731,0.819113815995077,0.858234684813065,0.52763069246143,0.406630255573867,0.503185480524027,0.403776388257451,0.576009624616065,0.922048605060893,0.991879010729741,0.4948317702537,0.79090369173658,0.748695442815143,0.625465503554749,0.815747519468984,0.446428019471441,0.524152557088243,0.562556561473395,0.494132315904429,0.524257528354551,0.658233886651283,0.582530887906233
"1969",1.27393929159476,1.12610248755496,0.81151804506566,0.734063812207251,0.98460611035154,1.06540490568595,1.37208395191684,1.25950211845468,1.27082043385871,1.57285493599903,1.29122574027805,1.59402293451124,1.81304359238357,1.1931906037864,1.14960878581719,1.07339438760387,1.4458445859089,1.29397778133481,1.31404299998503,1.341038400189,1.83152446678967,1.81595788871548,2.47317174997041,1.17090801892194,1.08631565279783,1.30882337554324,1.62051409897591,1.46718361647979,1.5136645996629,0.877587657184662,0.816006055207554,1.12697890724561,0.907237364322722,0.820685691376757,1.06386348188281,1.09291977289808,0.966168881896994,1.59106513158975,0.999515448784121,0.754538048194234,1.43229276090305,1.33260154579929,1.61169623720617,1.08735746268704,0.76404168350325,1.03998692598116,1.40693186790534,1.26546832948365
"1970",1.74445390696436,1.45903225476276,0.97456570337168,0.954399729394539,0.645460292469335,0.918877970813061,1.23812509175996,1.02659814252527,1.33858301991723,1.34139181139458,1.29922024041959,1.50792401858796,1.35666293994427,1.43693680014398,1.49959516949651,1.32591335787717,1.56732315575798,1.55703073832681,1.44051112774357,1.67652897796321,2.02890939309859,1.55765285747058,1.81315319687707,0.945903609730097,1.01683793349507,0.91382266125993,1.25488971988404,1.18217472828232,1.25646270913566,1.78679182496888,1.53390952498386,1.62939974503877,1.17401262277064,0.898099689644595,1.2070991998968,1.17564941161668,1.31332809326196,1.20665353564435,1.39861287685285,1.54498938800072,1.27763569981553,1.11232188162572,1.0747660667407,1.56587552639816,0.973679011670791,1.40320284312503,1.55353901153708,1.30075321089557
"1971",0.999438799913218,1.20228668489748,0.894473663901059,0.702531144936409,0.694394033273463,0.991215088056976,1.1984788193881,1.124234065561,1.04461927152137,1.32914490703825,1.05302234852742,1.28334165232284,0.943126507740775,1.21269878078536,1.22763842183342,0.823716248005592,1.02904817596313,0.944011123840245,0.849692500791855,0.826075052675692,1.22767236846861,1.04125038367921,1.0819424270475,0.970646970832158,1.08662528408277,0.815811145535178,1.06738487395982,1.11523601401784,1.22640611408871,1.49269921297317,1.08414510036086,1.28636592249658,1.13699172793728,1.16182251891439,1.27040093887706,1.23772687076529,0.958791316843597,0.816104353921148,0.849960710553227,0.81627806180817,0.850737066788824,1.1002348232092,0.703833386475767,1.34018211368566,0.904483751031639,1.33752865122299,1.64021504615917,1.08839319613449
"1972",0.411184181435425,0.520873519627471,0.665207606463281,0.580564357719431,0.449527972438349,0.487441620254478,0.993108165999718,1.08189062064124,0.825690727579642,0.819455376838476,0.683067976943042,0.798592393442455,0.581152709865977,1.0158078885376,0.737691003065311,0.545431723633204,0.563923669117155,0.559653541575155,0.582385184926233,0.559845192233487,0.685280114090161,0.75294093104556,0.603858913197196,0.619431138524677,0.790839306450718,0.6216399333324,0.63293526396533,0.875517726348573,0.633459133919465,0.792398360009174,0.610888772989704,0.917040604714788,0.793640596192343,0.905452570881213,0.754455201933443,0.873991197209338,0.965882729169056,0.787029583867891,0.450807145315381,0.565365856677079,0.418584635864497,0.667716513404741,0.608598934160457,0.536866149079586,0.748309442522574,0.92853243347999,1.08443556023402,0.696563829541166
"1973",0.932354055931374,1.19785989463748,1.10972528489809,1.01783972311114,0.923579631661474,1.10282131793506,1.26173806231051,1.27238871212862,1.07147511142228,1.0333960673368,0.974876714521673,0.821820441995252,0.80116917658273,1.17572840821836,1.04673283530911,0.866880330179358,0.752288407854902,1.34243943684104,1.25367699920904,1.20538587442895,0.73272424104336,0.983351879986859,0.450963662228359,0.826463602401887,0.907570650430755,0.91619004194194,1.29907167276729,1.24752446937413,1.09182138247744,0.913267436077095,1.08419753308958,0.974225133874012,1.0471607390398,1.27104685711327,0.805942308595673,0.806525039670702,1.05678895164882,0.836785600615577,0.867320597175949,0.81553871302443,0.733376767594702,1.18124389303334,1.01072650089001,0.703814857762925,0.982555306694515,1.47497160414382,1.42781891290837,1.0242584251849
"1974",0.995841821073773,1.09783566051799,1.03468197796871,1.03813843225539,1.248070029349,1.21388512438815,1.20491248047994,1.07071279049106,0.959822814394137,0.896306639163848,0.851026621993978,0.760486293310687,0.666391297987003,0.957423890498514,0.819109959202673,1.10203087157945,0.773619577981108,1.12765153683782,1.07477750984178,1.08168620214983,0.737330028673705,1.00615315100961,0.591966773285845,1.08565449368296,1.06404107772848,0.926389353731364,1.62348814416945,1.49706556414372,1.44165288946868,0.735538839837909,1.29582777382374,0.989053924060043,1.20212966941418,1.10955539284508,0.866993132959709,0.987387801453178,1.18337204825621,0.975804305845581,1.43026736302804,0.841753620080185,0.852849242014973,1.04520786500768,1.28521736448841,1.08964864661465,1.29875744574099,1.33691035095286,1.20975770767465,1.0899834576728
"1975",0.8034917195003,0.827273403780227,0.76654688835853,0.776626586676434,0.743977275764336,0.758259610999959,0.754380343268544,0.891897804419829,0.41326522098574,0.386297935708002,0.515868332473907,0.535923897719158,0.482940902642532,0.595511889500229,0.48128003274134,0.64435491341944,0.43406482321178,0.952822477396793,0.859462278879256,0.923241145610751,0.525947243959834,0.731044190413549,0.429839717889216,0.933248811270019,0.95583056586913,0.851369666138394,0.66765673776021,0.820122933326225,0.784770528905182,0.841874762970706,0.895443245491809,0.681935169530633,0.796813470969831,0.873582290240013,0.759525310130206,0.788111426493626,0.688018410768946,0.703350705296353,1.27342868538557,0.842731982864555,0.914306939535653,0.673269130406318,1.23686570897028,0.721471624333365,0.863984822375585,0.649953889177469,0.921238630157687,0.838854962973091
"1976",0.60615598754448,0.700810990571514,0.705455922611901,0.728311118034881,0.702798531911965,0.676239923533482,0.627574651406389,0.665484221761503,0.386407006990476,0.43480507118562,0.643881055294315,0.470430166655308,0.454463142412115,0.483627586139056,0.451404060769965,0.567932722959588,0.390573391534014,0.793820316020937,0.731301588570214,0.681589120987081,0.480305091356336,0.585174091228817,0.488829308781556,0.575211600359071,0.72001687968337,0.84990463875665,0.483009097124385,0.610264917375025,0.508763451344847,0.401453597997467,0.54987790528577,0.392617602388994,0.492472269540127,0.547359348715449,0.83954805344526,0.816946946163327,0.583203964600714,0.63882517532524,0.890009270882313,0.58052631856048,0.93443892583957,0.760410809900412,0.706917701924214,0.745787500930803,1.13046070293825,0.723137210669944,0.662412612975861,0.56262009442103
"1977",0.546697771398089,0.386007762717377,1.01706812545883,0.968380646051693,0.834855695435593,0.595962082131945,0.664528628743895,0.724425189764219,1.1409126381099,1.35754432471908,0.756891806503509,0.54596264783189,0.923497131565349,0.838476818706592,0.781741970177025,0.927777790770672,1.07651128573083,0.630815980916697,0.573365669953508,0.527442055863391,0.739169183130983,1.05890809726387,1.03268999506607,0.986900907077432,0.728781289685886,0.920943275260769,0.57293103079307,0.909228174106773,1.09500736339181,0.529250228776984,0.384413835069982,0.607500263254805,0.265725482904699,0.362992444543186,0.494211551734497,0.534568866473952,0.67691069171289,1.11644264866765,1.0873183113542,1.18753748186275,1.02974135819112,1.19074766696884,0.497944532672729,0.83354780483706,1.04659206543024,1.00206210044523,1.04225664767037,1.18313832655211
"1978",1.51050597914259,1.54221278651591,1.36650397471383,1.50458157940597,1.82206551945937,2.07641820426917,1.77728492105489,1.67277755031731,1.66053082417858,1.75563545679899,1.12568838289816,1.43279812990401,0.867010590023966,1.39797107897297,1.17196244626149,1.95822133795218,1.62914686464115,1.20966683132509,1.20353448091028,1.20039151855754,1.51342970463964,1.76972784498244,1.79685186502176,1.63252430238989,1.55565906687173,1.45433744083797,1.26609828221378,1.27350799624724,1.51923206936564,1.69764674531657,1.43734909918426,1.74844282690852,1.41810194541352,1.46338932049529,1.4868476639779,1.10149097630971,1.54683045151992,1.59798620364031,1.66358559915417,1.5934982549942,2.35815137024616,1.73947621534272,1.96351093888062,1.25085038114411,1.53370069715009,1.40270392492155,1.45120383197543,1.54525083284538
"1979",1.29388704589645,1.09914475754535,1.24563360562613,1.28930811359938,1.24724493531018,1.73983106882064,1.49568182421738,1.35160958402106,1.9297270626712,1.92784879265778,1.3893430026438,1.33325963305605,1.11297681667147,1.2843568162272,1.1528840492325,1.49546550854875,1.49152747578775,1.17611236644207,1.39921306470876,1.22729625201895,1.15871614193784,1.46060248455796,1.17047075039823,1.31791018673317,1.38542809317757,1.32838690197569,0.961967134376304,1.01861920582705,1.40914398053595,1.68265022736249,1.7579743832789,1.85883379925986,1.78338860774499,1.55794968032654,1.36684618583537,1.3381303438043,1.77660451549431,1.53831100044285,1.14876396374842,1.09835553180511,1.39005144910048,1.31333966144345,1.00818085912577,1.08819375941056,0.813366867847136,0.735865342137946,0.651156000895536,0.511148569479142
"1980",1.16172704604677,1.05264551985641,1.05773716176901,1.30505484922209,1.00341557290259,1.22392996613614,1.29033987925357,1.14284604805583,1.27108393705094,1.02454464804205,1.55511322408981,1.20721016217751,1.09376952796142,1.29694685787775,1.34047265586542,1.5528391264693,1.2685885049429,1.45777110590511,1.62238538433563,1.85210681243763,1.23273102449764,1.46885904542623,1.42605228373872,1.33381239455617,1.31946310155321,1.09386934146165,0.73675760028109,0.90139369534737,1.19897824553514,1.88199619982947,1.42394989127968,1.71326160962913,1.71140230850796,1.43333179342123,1.0935027393939,1.16064820244873,1.42175281031896,1.18095135101036,0.960687026275456,0.837476191585979,0.824327150331396,0.869872769239832,1.05497982068061,1.0083487762672,1.05801324354297,0.672301265733594,0.879049508446383,0.87756293639279
"1981",0.893267485882022,0.70469749417278,0.885712351402968,1.10086521177244,0.83781175559751,0.713904559313127,0.647386913880547,0.667159309923913,0.491252993893795,0.405089648801101,0.758684991780435,0.583845163301465,0.582577812011892,0.7217626109019,0.758643272252559,0.779536074285346,0.730210704437464,0.811138608749684,0.979292417829468,0.88998598734129,0.648046094615209,0.615312770647732,0.637931570184259,0.782088391342409,0.844243775997568,0.814415380985998,0.523387389081181,0.525969136347105,0.49997078257639,0.8065594861662,1.08193519416625,0.749615347359373,0.795759778580099,0.684934094023786,0.868379386388342,0.976880806740492,0.677858399185434,0.603654291980907,0.604662530477393,0.714060439209502,0.569498472500862,0.752528017792856,0.748430268763745,0.510573438387937,0.657875268229109,0.617202829826061,0.618963819497162,0.694168206145031
"1982",0.747553639564827,0.728646621646959,0.724515288141676,0.878271926229617,1.24663161666524,1.01404908988897,0.846496369944254,0.809224406352183,0.559837647039631,0.589828843072766,0.80106938387167,0.622514613043685,0.76622453786392,0.884547113411972,0.81391450400598,0.758184567345342,0.787440481129525,0.706772264650884,0.730460473861734,0.753243679614874,0.510694679023315,0.46735948260241,0.446201671231015,0.773977334099308,0.589320644728108,0.816790607831181,0.930557277897199,0.67876072166131,0.687507005417307,0.815002163574348,0.548497779844713,0.673311583494186,0.770725760992297,0.676143692841863,0.83217150246191,0.657458958693183,0.805417840679836,0.707509097754285,0.696447711031133,1.14015995300588,0.631635665432144,0.62209125944723,0.894956625704048,0.658750523377006,0.819812103233727,0.797780846724334,0.879664295486962,0.82423949052604
"1983",0.995223814567119,0.768289775767034,0.921567745053247,0.891180086512968,1.25947756472257,0.904480290293061,0.827943373312115,0.941041310385033,0.559964339609656,0.397533652218088,0.839185441398638,0.561149981592446,0.597755392456725,0.833917063685616,0.767777915566842,0.578835219688655,0.838514494364831,0.851209737031467,0.763569115167817,0.914729765965634,0.792451746983099,0.49601682740616,0.734455446591916,0.832627754730905,0.830166627844819,0.865837079655011,0.921340527905811,0.595698296284554,0.633546327688522,0.880993931746469,0.672430079547661,0.673186569869194,0.764607447364714,0.794463554134996,0.818842538409505,0.808362000504435,0.642641006307231,0.482419810394142,0.541064197412203,0.624109228068492,0.551761885040318,0.733600938508963,0.714886962157856,0.558518774943727,0.928176283497331,0.870824344877345,0.790771185732462,0.661627830833852
"1984",0.860741721996282,0.975525297323645,0.751097158564292,0.806829505981206,1.10457925422815,0.92842466621862,1.06110444440003,1.04023442491517,0.944138650211651,0.791186505082383,0.889839529004465,0.825859224648454,1.03212005829144,0.940939566696777,0.992478536806256,0.51966503877769,0.829007705835983,0.718894935452924,0.685374225353117,0.703554985646032,0.810386997314411,0.548661626665512,0.545609645968242,0.878401964045123,0.886483768319845,1.02229944827711,1.37228050661878,1.14568125717975,NA,0.702882559433006,0.65847445233113,0.706385056267207,1.1128454085541,0.952569528362499,0.986474769288582,1.07438757293108,1.06105552795653,0.72082100844286,0.805673348496638,1.45551708577554,1.18159199302519,1.08298732563551,1.10855648467033,0.655588427413265,0.888475128041058,1.22828089594123,0.969404267880936,1.25348726781168
"1985",0.926058195940881,0.9472681441321,0.986646157547976,1.01259352016321,0.991129342448853,0.967937090622007,1.12119269199947,1.20483080572586,1.07741113344761,0.939227113950364,0.975844359074305,1.06271972060193,1.29606791630226,0.935582829575619,1.1405215439514,0.966319456111639,1.43857033306196,0.987549895032922,1.19096581771653,0.937710030792077,0.92117668312928,1.0243503626877,1.01347855927658,1.13712388095114,1.02062107117305,1.01863793643416,0.868757134957582,0.650774728641461,NA,0.907995751041274,0.909633555914889,0.783078895855112,1.33496341103053,1.22315173620999,1.09151730483495,1.1985382762423,0.981324517955817,0.692890281217273,0.934389259126873,0.768338575466872,0.728616988729348,1.05035632225426,0.861385926518159,0.953438403744378,0.903235154654425,1.0027980060036,0.995515597654204,1.06229452047113
"1986",1.3031500430941,1.18509930166326,1.41640294677905,1.00076393285173,0.983801604909201,0.925183631972609,1.07725151899744,0.834616463790718,1.1280757302728,1.1915578931681,1.03731838407904,1.16995646602492,1.46301430368357,0.9958866413088,0.882341905497178,0.982699999038026,1.63358399424766,1.09107420974485,1.10168143821479,1.00769367693255,1.23420035383055,1.47858666884306,1.12768801439975,1.29514005569473,1.13636483663248,1.1517824345231,0.951835223743727,0.891621908359044,NA,0.925439713411402,0.993207707547545,0.944729819285806,1.48979721632234,1.33470934093278,0.976310558143027,0.938382133843662,1.02981548992359,0.924507965370817,0.865840725526816,1.20526999599164,0.83540907329185,1.28256487210806,1.20889053272593,1.56153170306697,1.09804011416496,1.14046313482572,0.881916686672511,0.969595195901148
"1987",1.34252913362476,1.2878046140361,1.42365464994274,1.30705472373088,1.051943655594,1.23724041394657,1.0382560696495,1.04295066989129,1.46276703703094,1.41927433639676,1.23710603650665,1.62399008698987,1.62645944238698,1.03803414026711,1.16049136112235,1.09411798275764,1.74271749778728,1.57522234547638,1.35346713168707,1.31208249812801,1.5409770346931,2.37882266651353,1.46437566402884,1.94474851635951,1.58616759579318,1.81608953432718,2.07914409517337,1.93195385722987,NA,1.6492674617824,1.95231891154756,1.63262575657977,1.8002709717394,1.74830319767417,1.30642036407998,1.0881719986322,1.5421865213495,1.7436916543035,1.56984965326633,1.73892090856586,1.7558599010315,1.84858331248919,1.47999217000917,2.18450530856269,1.26381495090531,1.40676668180089,1.26311167381624,1.45610374318122
"1988",1.36974891341054,1.31872878690505,1.45293890619463,1.43617898045162,0.932509819702453,1.10627749970785,0.969288520062155,0.923926629980688,1.10017180241966,1.13589178884478,1.31594525672333,1.58419173818932,1.58773350763959,1.0019900320776,0.905786247729452,1.03890094553168,1.33285836571381,1.39866013852042,1.13270006399397,1.30550376051197,1.05919389614091,1.24325756423869,0.987068743037645,1.61111827067631,1.73916617329288,1.60247609819071,1.52078012722985,1.88070000418461,NA,1.42206338239646,1.5100653452142,1.4836664845354,1.05679513934839,1.14076504373856,1.49304455675073,1.23707687307675,1.2706488375047,1.56297671994987,1.57881613285036,1.44371384324156,1.47799199248028,1.1925024182309,1.45417961480584,1.24934386220888,1.18204795186887,0.961811172092248,1.13776866246927,1.0134361878853
"1989",1.00068789383423,1.05462747131031,1.01171142012894,0.78628361086921,0.829758566739273,0.828303729031166,0.585703515824835,0.665734970893745,1.09880258312849,1.02242865449149,0.905966035711524,0.934268787401542,0.995808148231202,0.611255593896503,0.847989992016627,0.758256510008883,0.752386151967024,0.935167673574491,0.748273206162807,0.847232873625759,0.652890368827932,0.746757752849407,0.711193885896028,0.937461250802461,0.997441760430069,0.943645297867602,0.679999821024825,0.824222469667712,NA,0.802799646954024,0.820336691201525,0.792987255922112,0.707961249472753,0.81494363411687,1.00716461282647,1.11248911561786,0.820702464459912,0.722361369178817,0.980663618555445,0.979653352074774,0.885270855287845,1.24324304457872,1.09590582330878,1.20497311897916,1.22317145003852,0.885426099496627,0.980242587030631,1.15699294520796
"1990",1.22595650969393,1.20478942803174,0.953070445497618,0.874930149182853,1.03708100519773,0.992202754880202,0.798079102960423,0.886577632902503,1.11122503421012,1.0625449540727,0.788466105833384,0.889085961378172,0.859608863910986,1.06766100683839,1.22631383418586,0.980418435109554,0.84446352141173,1.14215821681057,0.892505488025716,0.965510816375244,0.752312714039257,0.774883133022963,0.96708813938608,0.799406577714341,0.96590672778379,0.906290611636027,1.22885997026229,1.01015030222592,NA,1.11684415481013,0.948102581248768,0.899566479518986,0.807027125235445,0.830043893980744,0.936602900158378,1.19814960274531,0.843791699070211,0.976586097931024,1.09526120891194,1.12557776336242,1.39977141933097,1.13117420565002,0.845832130514634,0.893893651904302,1.13764146013632,1.23485368566684,1.16752296010287,1.10562931431733
"1991",1.0058105395509,0.86297182634787,0.774591442409967,0.54088703697859,0.772666943319393,0.680697467231717,0.619568903433868,0.632871313292635,0.673074986696987,0.720916036747711,0.543003489978799,0.702872766597612,0.627319456028919,0.818420719019225,0.882203294693514,1.03488355520901,0.552690369083564,0.876065058891627,0.810568431836748,0.698578885824371,0.93235266479897,0.575064441939781,0.665488294268608,0.736883483026392,0.778909892214247,0.797683289779391,0.769428610171182,0.961691210867797,NA,0.504644690929168,0.543943230157499,0.519669081184519,0.461923354051459,0.842073757993759,0.845950666567191,1.05023250086016,0.812178264946317,0.814498723265353,0.905510678063939,0.674519213975068,1.07734655446358,0.414732296639816,0.864903296679451,0.863160503646002,0.699900869617409,0.871696747778317,0.685792360195101,0.758949226264971
"1992",0.775658933509817,0.796308357318286,0.793317032050353,0.635504028551375,0.758941255560321,0.877911498367904,0.598631104541729,0.558488739489717,0.784746703470638,0.637918127812566,0.725469761237227,0.616946087272868,0.559549136254464,0.761653221729516,0.690938850760703,0.90048441389855,0.476631001918478,0.788683870706228,0.630493066463056,0.765151719651096,0.494781122037915,0.50456858261418,0.611653664588574,0.538023367517129,0.814322085686042,0.672663996940672,0.661397864398677,0.601361460075032,NA,0.477974637806052,0.467086579047964,0.502813117610167,0.347503532498234,0.676579435844995,1.14631814679712,1.19975265336847,0.48693503216714,0.65282019642118,0.777579907351567,0.491155442942308,0.882811490228962,0.461131261300685,0.609510001738979,0.438542186896723,0.831729742872048,0.898137629912097,0.841943397962791,1.20707503924911
"1993",0.830460921167914,0.666244462773155,0.679544201753051,0.920944552518723,0.613750871226706,0.515972787701723,0.469019798332075,0.50258811911136,0.51512159208107,0.388903431414342,0.677583884572095,0.666497456092587,0.501246037614371,0.502256750605992,0.533397473491626,0.78984963279864,0.531961202445042,0.779095844915885,0.694500600153012,0.67234587433541,0.534509034929471,0.474015477098887,0.476247270318773,0.40526785398987,0.544206945737073,0.584321564929474,0.619925141403665,0.561163786293861,NA,0.437509007242616,0.586326680899666,0.502352605866525,0.52372889413073,0.674406009460804,0.91840423787101,1.07956783733486,0.629197638815886,0.646047409209115,0.838519024636614,0.613938760378501,0.80746794121475,0.773490669590121,0.816918779199733,0.794232794131346,0.899643869780475,0.662276335104445,0.782407473771265,1.01005383514788
"1994",0.785900913533968,0.705592679291954,0.664242223522626,0.637417725829517,0.537142757721826,0.414285409389255,0.509321416132497,0.525832339557401,0.593953916589115,0.386296835576938,0.632453363542641,0.478300479948269,0.518967826022945,0.581544996012808,0.557475294009602,0.596530089999114,0.453196172388924,0.624650799595334,0.701470734158306,0.560172989791096,0.624189502621522,0.38336002204358,0.500085231861046,0.373032617702149,0.628629086046493,0.611886742263665,0.497464627885201,0.572368910742315,NA,0.441674529644215,0.470827909270669,0.475102166983558,0.533847089422092,0.636931303052239,0.675827739732681,0.791591657077079,0.477553767193226,0.490197661982372,0.636421318610835,0.450351791611516,0.698928912154632,0.718957224847241,0.829492019213119,0.694203398768032,0.580463863791412,0.681088730310874,0.62379672422231,0.772954954289092
"1995",0.413483549967388,0.456306146018563,0.379782145570835,0.333885297370234,0.300199208392472,0.157169789240298,0.259109249831117,0.243306808231813,0.177056261703359,0.0843863790547778,0.611107650539319,0.330482275442049,0.320830679752394,0.332887002738548,0.28438805355704,0.502918680942804,0.459694030945742,0.332835270625259,0.344203667236623,0.557167310229732,0.424557588737377,0.202794285575468,0.304175071537794,0.329981152144111,0.470604450197974,NA,0.554451103221284,0.29565524069931,NA,0.319851067402112,0.445877438806157,0.407202013036986,0.452886444779071,0.445315854602073,0.556327125961824,0.533786917551692,0.428343839419639,0.366943345239264,0.461464532018006,0.62062049853346,0.474292879817229,0.556215323442689,0.491301865179582,0.411271691432975,0.776802158721495,0.496356463667041,0.595728765187566,0.690022580768204
"1996",0.557166051011772,0.592809069372716,0.537325646767459,0.570598308665055,1.30517354694626,0.985036721133161,1.23141768700106,1.27546118146419,0.389322364340102,0.321004279695487,0.931449865431898,0.360971046476124,0.49880543395278,0.812685881424255,0.778847624376098,0.455862487117876,0.648079797422564,0.597459099634695,0.692279909071174,0.603540495279782,0.624751698560705,0.475154444111299,0.339553970859855,0.566113118046375,0.615859474903729,NA,1.2497294891587,1.17168192455773,NA,0.202235271284978,0.479793574074152,0.519731024578937,0.57840952845146,0.620205650610117,0.848814200612679,0.929296435208832,1.12822897720098,1.35193411366942,1.08972354561854,1.18621495499094,1.33080723953618,1.25875884761375,1.52508928222947,0.690412759846111,1.49646307260011,1.25981250405354,1.60686437913038,0.96704889799605
"1997",0.851874356367087,1.38919200792077,1.48996277927036,1.41608418062425,1.81138292732174,2.08287547602045,2.34591778436487,2.18132631874677,0.616149336970936,0.441784079334519,1.13510961792416,0.531880966184116,0.980910881401226,1.93641170214733,2.49957965821822,0.821558587342048,1.07959126751542,0.881052820920435,0.768897357654688,1.12570237431281,1.81894403088102,1.79375036514311,2.28269780060516,1.33017623787174,1.31244994129248,NA,1.43879858685871,1.66318309811982,NA,0.749416575201825,0.989775700848147,1.00564386563264,1.53442505302835,1.47568004332301,1.56012231975937,1.416102046191,2.42805477861719,2.16723324278224,1.77522031383006,1.58681557587844,1.46269068511079,1.66135718244657,1.3724773980769,2.66187195373026,2.19755817652867,1.71230320456619,1.32267310901446,1.83492442985522
"1998",1.10076064603839,1.44075647990117,1.74926994841667,1.81136016789224,1.53342548520472,1.95883471611614,1.89922150173886,1.68158402338729,1.0143254404934,0.761134602008375,1.0986420801699,0.98592741238241,1.48317979614849,1.96153066998965,1.78412270800146,1.50151397133792,0.822466841032874,0.895050344159087,1.03001543368786,1.16365086254967,1.21619538469558,2.12937804303865,2.57792919031552,1.27291268586718,1.2324328131222,NA,0.8053660068065,0.934307907194258,NA,2.11273069233053,1.82456482407481,1.65361634802011,1.45484813780674,1.62868425879922,0.963599632147708,0.605061985506957,2.07738565621017,1.62608982019806,1.24462497984256,1.30649954043189,1.15996229800599,0.867935726918314,0.882415562925838,1.00729496885309,1.12875684418478,0.687384692464527,0.751729138420292,0.443193488927589
"1999",0.863139824965371,1.0489544258924,0.889531530569998,0.926965462433506,0.815232607096717,0.641778086243761,0.719213904196158,0.608702152613404,0.762617514677995,0.834807056984459,0.810348555395715,0.808530242801297,0.943408079117518,1.06992937649864,0.945453254349108,0.631959821640665,0.616777106837534,0.896052596816096,1.29171664304053,0.951084831612296,0.981092977157264,0.794970556667645,0.817969529494214,0.361676101939395,0.662208678844406,NA,0.701960226182232,0.452435106159691,NA,1.13162019145069,0.987869417242006,1.03059182867884,0.686968151518404,0.596387685890324,0.705063919588281,0.626371474775179,0.738458597109256,0.874178051389644,0.852505991143052,0.895808090302606,0.47958848379942,0.541890725466345,0.799649952816739,0.779596866596687,0.910013451676272,0.875557316736443,1.2137646663436,0.92750284761398
"2000",1.06054215223823,1.15271700617366,1.18219693941068,0.928448562176412,1.00807556924561,1.06882202663859,0.900167343169315,1.01995053362841,0.641001486805953,0.839827689159032,0.93586177785553,1.37861631382647,0.96906531559075,1.19065746893027,1.31421542023829,0.839012252872389,0.973740963407076,0.957093317546572,1.03835622391556,0.942056786282497,1.18509849197168,0.853854660225042,0.922586181388448,1.08476194869303,0.820382196894233,NA,0.778526872535129,1.01422004021478,NA,1.16496413030543,1.32033463487744,1.05152622091991,0.818874946582407,0.978762306904649,0.780489813990321,0.760515769059071,0.88667658392794,0.894246025471643,0.791160621203745,1.25067714059005,1.00090169018658,1.03884401482889,1.00913185577153,0.614673550681692,1.06237210027382,0.911228046120576,1.02024093929381,0.930228431371945
"2001",1.38696250833399,1.0552941928326,1.32279137405471,1.23745379147698,1.21542448617519,1.26291398661656,1.06385404667962,1.07676315720869,0.931814477198639,1.90591686391398,1.62309303668631,2.99381099649952,2.48254978510667,1.30341761434179,1.17409498648714,1.20715145871795,2.06136294623758,1.04861817435254,1.21218094205719,1.01050724096377,1.23147986914287,0.688977962116,1.15869812968846,1.07222385379073,1.03936130908506,NA,1.56111096370583,2.34867188995899,NA,1.21113292304053,1.34286122850918,1.20019389064965,1.63325128891613,1.39137044866156,0.881647156788316,0.810774653002134,1.07896443372798,1.03496495170805,0.711975818795483,1.05431323111549,0.708828843200193,0.764019181578955,1.03523832984894,1.26106200490545,0.7666269793577,1.25975625292371,1.55596279304094,1.26608276756827
"2002",1.34589035224508,1.1000331940879,1.27892275330024,1.67993952571864,1.33004115235247,1.2594395725735,1.36353565191366,1.51567519780363,1.24075183870466,1.83974197265192,1.30827267540797,1.54132519025682,1.18798641298998,1.22040636311936,1.38237475739466,1.57639356451707,1.96177949634322,1.55258093330982,1.64089686306973,1.6950063218085,1.49235170923795,1.35030953665853,1.34531700020153,1.64368986672291,1.50233728359419,NA,1.35080192055034,1.47861581819843,NA,1.49588127497541,1.7489718392369,1.63873612281752,1.28838209376421,1.16910295519469,1.12760232914352,1.14846491750985,0.921622122325076,0.972215623589509,0.982977113659474,0.731664479950142,0.786192836416515,1.20073739037605,1.03279658226643,1.36429171330348,0.672187723550377,1.25659934752806,0.899154430388991,0.794976309121063
"2003",1.49538720274691,1.52310083571178,1.44573563710743,1.50925014980153,1.41216022731154,1.61473903315087,1.50076260582299,1.67135144398897,1.7995032151606,2.05147083436611,1.45581486934394,1.38303403442527,1.32689599666863,1.29248747777705,1.27827177501963,1.9632016919474,1.77820892451723,2.04558593862417,1.63681699530263,NA,2.10442180653107,2.00456143086753,1.77905157122665,1.84987734534903,1.79238919639518,NA,1.82262480314141,1.57931959971292,NA,1.95178067305637,1.55210156155161,1.90770391839878,2.091417784205,1.89535427206274,1.59291185837181,1.75629490944999,1.42016483254579,1.38221292559001,1.61688064213154,1.29945956613611,1.84306566331371,1.45653878024575,1.16955749797696,1.35618622903655,1.03868602413757,1.67963688648232,1.37017154238077,1.10408064898614
"2004",1.58384802119743,1.46409976546098,1.59779740716826,1.85060957548129,1.65266640760439,1.27954142350693,1.68876801048454,1.46512554151225,1.40595205576742,1.36976223183066,1.02059145573618,1.02387464932794,1.3674561969202,1.46306975802529,0.679176400248753,1.66141389896216,1.02480017048535,1.98608708310861,2.32525051886084,NA,1.6740983825304,1.93810416141504,1.34253763351415,1.3585420712676,1.32546818484685,NA,1.19210302917977,1.09802850302275,NA,1.74135776564044,1.7293009809589,1.87213333150944,1.42364120864474,1.29170754154672,1.45872064366402,1.64374590092088,1.30345118656475,1.14347444246464,1.57368019884932,0.974991002300906,1.13496270911598,1.03700499192531,1.34045552891271,0.987556369509293,0.794827501320177,1.47913795212003,1.14302087622174,1.11900691792153
"2005",0.699454194186455,0.666893758397308,0.668739335781988,0.664994300597071,0.413988102542475,0.441318431175935,0.358479743075632,0.408934363497834,0.431940893833456,0.360131196892994,0.537474264146145,0.362804717194568,0.51009215936182,0.513497335776836,0.715030537366208,0.534040883740672,0.408474740768612,0.823506574936185,1.11807192612493,NA,0.537923218546789,0.519568426702123,0.57251405804347,0.52165076864927,0.530931173152443,NA,0.517410746284286,0.460348788972083,NA,0.722185894430975,0.605432987788915,0.599718619775454,0.570524587994104,0.514702761801553,0.859643333791675,0.777033762657963,0.585875685457092,0.599856357859128,0.816091418288156,0.692670599379924,0.638294656538363,0.784553858193201,0.873221532581305,0.84375536348237,1.12483436580925,0.845763493474535,0.756574893484987,0.985958858646737
"2006",0.604513665335325,0.974542846203942,0.390027819917356,0.470692222089736,0.626667896678769,0.544937270847778,0.52895973951381,0.52084963328197,0.648645027440965,0.440184696966793,0.43543930972204,0.355039251616918,0.561427364872616,0.728757007132144,0.599937941402604,0.567888029763695,0.49555487895363,0.808869895240817,0.740695473581318,NA,0.627163732293929,0.399381228997504,0.591730159790412,0.562554610423566,0.619303551660951,NA,0.575198121416542,0.390582438061783,NA,0.627019943638048,0.478451598001993,0.563903275072891,0.455623831631298,0.535472728755076,0.812380882719639,0.859963472859859,0.596544067020059,0.485746719869469,0.677813210119902,0.655845542579275,0.550420209618573,0.932513016300012,0.988530141721489,0.76905959842601,0.507752371282104,0.815535674075575,1.06475468776043,1.05163919004544
"2007",0.596933307771584,0.510824920798325,0.510549692855175,0.539198212958545,0.486867869823802,0.529204154433272,0.377934930439109,0.432997424106635,0.494923337632623,0.41216903038366,0.5481234285039,0.414316290836421,0.741963132848147,0.40071568144381,0.58136466319133,0.538853546836309,0.314086755731588,0.643716757112921,0.54789453680355,NA,0.557990864305963,0.399758505957561,0.563258445653936,0.495256309821222,0.56862489562861,NA,0.430721422413279,0.43093224938044,NA,0.495008345090391,0.388448480244961,0.428258073301225,0.634534990935733,0.541420460763386,0.80827335492977,0.759902583671335,0.506051087616086,0.637270606999577,0.701719480938066,0.723170450804912,0.623230431971342,0.957738268379601,0.905204656334026,0.584842698201533,0.829531339203319,0.601333486401929,0.893218435453867,0.972358539934186
"2008",0.564648465962815,0.747988178713698,0.50372285780817,0.804945423436141,0.827842087718332,0.668884232344456,0.507329000824975,0.711815900749084,0.849143136671431,0.652662464313208,0.829245881364695,0.545797763849998,0.641082718742386,0.564843573777623,0.678010316541097,0.787302005212386,0.708588866890138,0.337885065636242,0.342047710811858,NA,0.575345452218876,0.497755615210889,0.637899922616608,0.582543242667026,0.836661260297872,NA,0.67467122748126,0.632110806872255,NA,0.589483501496384,0.588164986470799,0.603020166484382,1.0010675999383,0.964319357203936,0.866729114349064,0.751847854198964,0.855902206005906,0.952114335706818,0.88508875805269,0.95618870022702,1.08246046262526,1.42190962500976,0.932255791717318,0.926763028871619,1.03524503193445,0.735939841719427,0.461364297352769,0.942903587978786
"2009",0.699385686468226,0.734283707650622,0.821247446698803,0.796114298193381,0.95232902641755,0.844655617812263,0.786407982027119,0.845532074974355,1.18189754743616,0.972054512526073,0.70710876724612,0.732613146073122,0.574522245634564,0.564430063303189,1.01221786464668,0.765240518642886,0.802158024580792,0.690880132369347,0.295122437196304,NA,0.671864393155835,0.832154943774645,NA,0.808279326248996,0.996697923001733,NA,1.50169604430691,0.813324644807318,NA,0.731435167959812,0.406821060462607,0.675989548584649,0.808594593246183,0.760147941293894,0.953481119853578,0.874902867769635,0.669220891866518,0.936723460575129,0.940220195570135,1.24296351507805,0.959509498457079,1.34211923806163,0.849476400163987,0.992205540957713,1.19667568081332,0.78648485455213,1.14843823190607,1.24021774975638
"2010",1.14366081704679,1.02634445108826,1.24754873417862,1.1009701347804,1.22244633153597,1.46410223410593,1.13998107593886,1.23593403263749,1.73505704960267,1.95695816528495,1.47771320212369,1.38029414585686,1.14843195715837,1.17527666218998,1.55959965517992,1.52236616509251,1.54844996457949,0.960767219344859,0.769022896109163,NA,0.929301506584265,1.68519003909099,NA,1.22711733635207,1.24661481025516,NA,0.776774062627344,1.67727778294761,NA,1.3785006966416,1.58290749407346,1.40017734685195,0.959127957209453,1.12437003168314,0.891738885762933,1.06410555417208,1.58906002968645,1.49473561507333,1.23921247608074,1.27700183236898,1.3735881795048,0.897942879439484,1.31956268132096,1.04026381402225,1.21077679065634,0.971758184670223,0.819560670343604,1.05589255383492
"2011",1.75118448567366,1.56917995619222,1.24264284666608,1.03089018853852,1.3478627113527,1.28494915339398,1.77872410196624,1.76554446569316,2.02800641782219,1.96769291133163,1.9163685074776,1.98329236279277,1.89089482176102,1.45649126578896,1.02853511224344,1.74047507517125,1.5802724275946,1.18558332294407,0.923865173370489,NA,1.21389765475843,1.74801249102836,NA,1.20719031509404,1.17920683572231,NA,1.4996264119334,0.958843182237207,NA,0.939617293782741,0.920511333737779,1.02580304792178,0.907289415078081,1.01843516066837,1.21591969595557,0.952161056559722,1.12324200262013,1.31339181412077,0.826491862228888,0.992934162987844,1.101686271762,0.804890709520423,1.12851807146141,0.803936291508206,0.542562285803424,0.740671307128213,0.749121618237339,0.861285314791554
"2012",0.885379629363859,0.847161941458898,1.05140798744456,0.795700698613972,0.842430624728828,0.711453717557949,0.852341897961147,0.746578108647582,0.637223873967866,0.533025287942396,1.09083065889944,1.10166183701988,0.763844514265526,0.979062408184483,1.16599080357195,0.654377300876619,0.785964856717855,0.889881107883809,0.904917117748255,NA,0.370869699154348,0.785895502123081,NA,0.908545334440751,0.999940384472454,NA,0.705324389536411,0.645255922539403,NA,0.711026881283299,0.680244299691659,NA,0.698303369474678,0.951940163936357,0.79125553858993,0.762151692902123,0.675215811134681,0.87416284828623,0.860478854857289,1.083906584237,1.01286194865091,0.814094998823946,1.01655295320413,0.788099612276072,0.696351286343568,0.68794209564585,0.693290399640239,0.880229423836189
"2013",1.13596499897327,1.34867726683877,1.11269626982157,0.861049877630679,1.09110960030941,1.09030273432042,1.07037339557058,1.25601898372555,1.46536778168474,1.2729831554442,1.14544919054544,1.27881703565769,NA,1.1662813593887,1.09367715180158,1.40074055251417,1.70262823201593,0.847846987661859,1.03165601199191,NA,0.998302058953938,1.22115918358663,NA,1.15196618224141,1.05612937761186,NA,1.44839193219976,1.5569002060957,NA,1.1104340495559,1.13109684952302,NA,1.49052789635421,1.67359099109869,1.05050227411099,1.21402296645467,1.32345940011109,1.04984137005643,1.01223495158532,1.31323397863719,1.46540843309941,1.19041037483231,0.900948421454986,1.42207447924053,1.45685379078113,1.21060081506491,1.18852952671658,1.01615225203426
"2014",1.09205788675078,1.00572594585008,1.31089234353429,1.35714630383256,1.0560198345923,1.36445843165338,1.34368608704598,1.13168642274231,1.09896026391499,1.12641325283377,1.34475668885771,1.26715528352375,NA,1.14973219627143,0.952866190292298,1.24295236831152,1.38264870492598,1.48970969523342,1.45372924030762,NA,1.67136956243631,0.989150024151713,NA,1.50467814486827,1.31034666692956,NA,1.46967713419908,1.37927608756598,NA,1.24968930792089,1.54981627351533,NA,1.33201714696536,1.27186351318098,1.07452984055792,1.12494534689532,1.19956673289029,1.23819213816421,1.38741318291796,0.970008736108021,0.975645547266442,0.980712923698636,0.904707107190832,1.28624962523156,1.0742169087833,1.02430939273118,1.0925513984816,0.988298049977703
"2015",1.06963589210193,0.818771323118065,0.858970244005519,0.876284105857356,0.884950451651555,0.841951427306463,0.973986224256761,0.766899501777784,0.468805901012981,0.457460853266928,0.72250102228911,0.774234342544483,NA,0.943847685393934,0.796655028010572,0.518019537050868,0.558061140232434,1.07996916924074,1.27266653412013,NA,1.10594097484785,0.792466121539595,NA,1.07018626220909,0.977104435090215,NA,0.685557486501842,0.828181040161517,NA,0.894901799205227,1.14539461412241,NA,0.924890631849454,0.660131314026257,1.1588564934918,1.09974574249428,0.875600540117511,0.902105927268296,0.964570257078604,0.737675926023454,0.870699526567136,0.779107341547191,0.836168550452598,1.01459386643887,1.04847799338903,1.26733151333796,1.14996672511151,0.860440931080822
"2016",0.775657471299395,0.933225299427433,0.853195017088909,1.02928869243945,0.882633621658304,0.864375935259988,0.687742462179108,0.760000995438295,0.603339071420857,0.726940643138858,0.57158682856837,0.538943046507576,NA,0.892200286449145,0.804642488761832,0.63769443980303,0.489394097400846,0.836596307971753,0.866700561620776,NA,0.923255518516287,0.606058604007193,NA,0.786957834064071,0.79296520175391,NA,0.693235332810084,0.739081616893438,NA,0.906707710634357,0.702895888571156,NA,0.887578132331451,0.849359640995615,0.934852302858635,0.997131855892417,0.934944785311345,0.80008052679672,0.921238484607595,1.02837954148784,0.812142669512558,1.03496132596281,1.02509566049513,0.845757508096461,1.08398398098098,1.12924855950496,1.18212086184732,1.16020949248067
